label,附加评论,positive,positive_prob,negative_prob,confidence,sentiment
1.0,物流我承认很棒,1,0.917146,0.0828538,0.81588,2
0.0,头有锈点?,0,0.255867,0.744133,0.431406,0
0.0,没多大用 地漏边上的渣子清理一会就转不动了。,0,0.19267,0.80733,0.571846,0
-1.0,"电池耐用，力道一般，同心度差，家用足矣。
高精作业不建议购买。",0,0.084825,0.915175,0.8115,0
1.0,美观实用,1,0.545564,0.454436,0.0887191,1
0.0,要是有个工具箱装那就好了，家用没有箱子装不方便,0,0.331269,0.668731,0.263847,0
0.0,钻7cm的木孔，即然钻不动，总是卡住，失望了,0,0.1984,0.8016,0.559111,0
0.0,同轴性确实一般，用了加长杆后看起来比较明显，但是家用也够了，性价比还是可以,0,0.43703,0.56297,0.0288212,0
0.0,好好好,1,0.672632,0.327367,0.272517,2
0.0,试了下电钻，同心度肉眼看得到的差。,0,0.215318,0.784682,0.521516,0
1.0,物流我承认很棒,1,0.917146,0.0828538,0.81588,2
0.0,还行吧,1,0.58256,0.41744,0.0723545,2
0.0,用了一个月，感觉还不错，家具组装能够胜任。一块电池能用2天左右！！想要入手的请放心购买。,1,0.778955,0.221045,0.508789,2
0.0,头有锈点?,0,0.255867,0.744133,0.431406,0
0.0,家用挺好的，已经试用过，好评。,1,0.954785,0.0452151,0.899522,2
0.0,还行！,1,0.727519,0.272481,0.394487,2
0.0,万用宝吗肯定属于啥都可使用哦,1,0.728147,0.271853,0.395882,2
0.0,刚开始没有掌握 ，用开了，非常别扭 ，还损伤了下面的塑料底座 ，要是用金属的就好了。后面掌握了使用方法 ，感觉很方便，很好用，非常喜欢。,1,0.952586,0.0474142,0.894635,2
0.0,工具箱还有三个位置没有配。是厂家太考虑成本了吧。附件带的太少。200元差价基本铝箱了,0,0.0774053,0.922595,0.827988,0
0.0,万用宝吗肯定属于啥都可使用哦,1,0.728147,0.271853,0.395882,2
0.0,请问这两个配件用哪里的？,0,0.112916,0.887084,0.749076,0
0.0,坑，坑，坑。,0,0.00893533,0.991065,0.980144,0
1.0,拿到手开箱一看就满意，用了再评，附件用坏到哪去买原件。;;,0,0.498058,0.501942,0.961157,1
0.0,刚开始没有掌握 ，用开了，非常别扭 ，还损伤了下面的塑料底座 ，要是用金属的就好了。后面掌握了使用方法 ，感觉很方便，很好用，非常喜欢。,1,0.952586,0.0474142,0.894635,2
1.0,挺好的，挺好的，特别好，顾客特别喜欢，主要是品牌信得过大品牌东西特别好用的，值得信赖嗯，客户非常满意嗯，如果以后有需要还是会来买的好评好评?,1,0.997715,0.00228509,0.994922,2
1.0,客户来电话说明: 只能锯抠个洞什么的，不能切割地板。跟图片介绍差异太大，产品介绍里可以切钉子什么的，实际上切6块复合板就牙钝了无法使用了。质量太差了！过了7天又不能退货。太相信网页介绍了，自认倒霉吧。,0,0.00461053,0.995389,0.989754,0
0.0,质量好,1,0.73133,0.26867,0.402955,2
0.0,不好用,0,0.127442,0.872558,0.716797,0
1.0,切削打磨功能非常好用,1,0.684461,0.315539,0.298801,2
0.0,好满意,1,0.892441,0.107559,0.760981,2
1.0,还行吧。没啥问题。毕竟都是牌子货。质感还是可以，拿手上很重,0,0.269947,0.730052,0.400117,0
0.0,用了一段时间，确实还是值得推荐,1,0.849561,0.150439,0.665692,2
0.0,好用，师傅们用起来很方便。,1,0.948468,0.0515322,0.885484,2
0.0,不错,1,0.914388,0.085612,0.809751,2
1.0,忘了说，还送了赠品小威盒子，配件一下就丰富了，常用的都有，希望以后能送些s2的批头。,1,0.955389,0.0446107,0.900865,2
0.0,原来还能转换两个模式,1,0.578876,0.421124,0.0641685,2
0.0,用过才来评,0,0.478957,0.521043,0.579145,1
1.0,外观很漂亮。做工很精细。很有劲。,1,0.998136,0.00186443,0.995857,2
1.0,?送货就是快，当天到货。jd快狠准，某 宝的还要7天,1,0.839598,0.160402,0.643552,2
1.0,我为什么喜欢在京东买东西，因为今天买明天就可以送到。我为什么每个商品的评价都一样，因为在京东买的东西太多太多了，导致积累了很多未评价的订单，所以我统一用段话作为评价内容,0,0.435151,0.564849,0.0329971,0
1.0,忘了说，还送了赠品小威盒子，配件一下就丰富了，常用的都有，希望以后能送些s2的批头。,1,0.955389,0.0446107,0.900865,2
2.0,冲击很好，力道大。我家是混凝土墙结构，打洞很轻松。,1,0.99575,0.00424997,0.990556,2
1.0,质量好马力大，冲击力强,1,0.79383,0.20617,0.541844,2
0.0,太方便了，家用神器啊。,1,0.592527,0.407473,0.0945054,2
0.0,值得购买。太方便了,1,0.789397,0.210603,0.531993,2
0.0,用过才来评,0,0.478957,0.521043,0.579145,1
0.0,已经试用了，挺好的，好评，以后陆续还会购买此品牌的其它产品。,1,0.967842,0.0321582,0.928537,2
0.0,自用打几个孔还是可是的,0,0.399248,0.600752,0.112782,0
1.0,送的钻头真心不错,1,0.851155,0.148845,0.669233,2
0.0,原来前三分钟付款领套件是需要后期联系客服的，问题已解决，好评！,0,0.287325,0.712675,0.3615,0
0.0,不错了,1,0.899266,0.100734,0.776147,2
0.0,昨天试了下，感觉送的砖石钻头不直呢，是都这样么，还是我中奖了,0,0.27356,0.72644,0.392089,0
1.0,我为什么喜欢在京东买东西，因为今天买明天就可以送到。我为什么每个商品的评价都一样，因为在京东买的东西太多太多了，导致积累了很多未评价的订单，所以我统一用段话作为评价内容,0,0.435151,0.564849,0.0329971,0
0.0,非常好用、已购两个了,1,0.765389,0.234611,0.478643,2
1.0,?送货就是快，当天到货。jd快狠准，某 宝的还要7天,1,0.839598,0.160402,0.643552,2
0.0,bu cuo,1,0.534549,0.465451,0.309011,1
0.0,商家态度非常好。能够很好的和买家沟通,1,0.964805,0.035195,0.921789,2
1.0,很好，轻便,1,0.956174,0.0438261,0.902609,2
0.0,性能不错，非常满意，好好好。,1,0.997954,0.00204633,0.995453,2
0.1,赠品没有和产品装在一起，我取快递时没有注意，只把产品取走了，好在第二天快递小哥打电话提醒,0,0.191745,0.808255,0.5739,0
0.0,后面弄懂了，原来是旋转钻头，很抱歉给了差评，是我自身问题。,0,0.0881291,0.911871,0.804158,0
2.0,已经给修好了，售后服务还是很好的，收回我的差评,0,0.371045,0.628956,0.175457,0
5.0,店家发货直及时，下午就用上了，感党很好，钻头的质量也很好，明天继续，很好的一次购物，小巧玲珑，使用很方便。价格也合理，赞一个,1,0.997075,0.00292539,0.993499,2
-1.0,本来打算单独买的配件，结果送了一套,0,0.302904,0.697096,0.32688,0
0.0,今天按窗试了一下，真不错！！！！,1,0.942526,0.0574739,0.87228,2
0.0,后面弄懂了，原来是旋转钻头，很抱歉给了差评，是我自身问题。,0,0.0881291,0.911871,0.804158,0
0.0,使用很棒，居家过日子完全够了,1,0.941731,0.0582694,0.870513,2
0.0,看评论人家都有赠品，我的好像啥都没有，心里不平衡啊！,0,0.373031,0.626969,0.171042,0
1.0,大品牌还是值得信任得 不错不错,1,0.95062,0.0493801,0.890266,2
0.0,非常实用,1,0.683618,0.316382,0.296929,2
0.0,看看10块电池同时充电的场景，挺震撼的。机器逐个简单试了一下，都还好。现在是电池满电，有时间慢慢弄吧。,1,0.852075,0.147924,0.671279,2
0.0,最掉价的就是这块地板，好歹也是六七百的工具，你就不能用金属材料吗，搞的跟几十块那种山货一样，塑料的易磨损，当然这涉及到很多东西，增加成本，重新设计啊开模什么的，总之希望改进吧！,0,0.0202835,0.979716,0.954926,0
1.0,超划算，超方便，物美价廉，非常喜欢。,1,0.998836,0.00116411,0.997413,2
1.0,超划算，超方便，物美价廉，非常喜欢。,1,0.998836,0.00116411,0.997413,2
0.0,看看10块电池同时充电的场景，挺震撼的。机器逐个简单试了一下，都还好。现在是电池满电，有时间慢慢弄吧。,1,0.852075,0.147924,0.671279,2
0.0,非常不错的工具，但是弄不懂这个开关是干什么的。,1,0.893606,0.106394,0.763568,2
2.0,锯片左右摆动间隙太大，导致切割百不平整，而且没有导尺，只是锂电池一个好处。,0,0.0222761,0.977724,0.950498,0
-1.0,用起来还好吧！主要是老豆用的！听说使用起来电池差了一点！估计后面会买一个4AH的吧！不过电池是真的贵了一点！不过也是一分钱一分货！,0,0.159116,0.840884,0.64641,0
0.0,给力,1,0.750763,0.249237,0.44614,2
1.0,贴纸12个月质保，下面是3年质保的英文;;欺负自己人啊，明明是国产品牌,0,0.186804,0.813196,0.584881,0
0.0,用了几次很好。,1,0.8997,0.1003,0.777111,2
0.0,这只多功能的电锯在外面少有，cp值超高，！,1,0.959608,0.0403923,0.910239,2
0.0,已经给保价了，东西用着还可以，完全可以自己做一些小东西了。,0,0.426372,0.573628,0.0525071,0
0.0,劳动成果,1,0.578966,0.421034,0.0643685,2
0.1,单手打螺丝略微重手了一点，要用点力气，不过这点见仁见智，力气大的不在话下，力气小的，家用打几个也不算太累。周日利用一些边角料，做了个小书架,0,0.260427,0.739573,0.421273,0
0.1,一份价格对一份质量，对得起这个价格了一份价格对一份质量，对得起这个价格了一份价格对一份质量，对得起这个价格了,1,0.516056,0.483945,0.67889,1
0.0,冲击的时候，吱吱响，而且才买了第八天就降价40元。也不给价保！7天内价保，也是醉了。,0,0.0556522,0.944348,0.876328,0
1.0,钻墙不费力，很稳噪音很小，我特意注明木、石、铁三类钻头。刮开涂层短信查询是正品。很满意这个电钻。特此追加评价。,1,0.956737,0.0432634,0.903859,2
3.0,不得不说，博世的东西确实好，以前用过便宜货，转速不能调，不能反转之类的，这一个冲击钻能定好几种工具，比如手电钻，轻型电锤，标准电钻等等，物超所值呀。价格合理，钻头更换方便，家里备一个简直万能！,1,0.964184,0.0358158,0.920409,2
0.0,很好的质量，信赖京东,1,0.944947,0.0550528,0.87766,2
0.0,*mou东，店大欺客，实名认证强迫用户绑定银行卡，强制开通支付业务！,0,0.0425223,0.957478,0.905506,0
2.1,很喜欢在东东上网购 真的不错的 比其他网店实在 服务好 好喜欢 还会介绍朋友来，非常感谢京东商城给予的优质的服务，从仓储管理、物流配送等各方面都是做的非常好的。送货及时，配送员也非常的热情，有时候不方便收件的时候，也安排时间另行配送。同时京东商城在售后管理上也非常好的，以解客户忧患，排除万难。给予我们非常好的购物体验。,1,0.999374,0.000626191,0.998609,2
1.0,不错，博世大品牌，领了券，两百多买的，买到就是赚到,1,0.923546,0.0764539,0.830102,2
1.0,不太会用，尤其是用多大的钻头，钻多深，搞不清楚,0,0.439899,0.560101,0.0224457,0
-1.0,旧的什么冲击钻，准备卖给收破烂了,0,0.173918,0.826082,0.613516,0
1.0,信赖博世，更喜欢博世，百年品牌值得拥有,1,0.958855,0.0411451,0.908567,2
0.0,真的很喜欢这个小玩意！,1,0.801274,0.198726,0.558386,2
1.1,力量还是挺大的，在组装什么东西的时候，能够有限提高安装效率，非常不错，螺丝拧坏了，批头完好无损，赞一个,1,0.976952,0.0230483,0.948781,2
1.0,博世定制版铝合金盒子，漂亮，闪闪发光，能当收藏品,1,0.828178,0.171822,0.618174,2
2.0,晒单后赠品活动不能相信，当初活动广告时没见要求跟客服登记，后来问的时候告诉我晒单时要跟客服登记才能参加活动;;巨坑！太恶心了！,0,0.000591054,0.999409,0.998687,0
0.0,真是不错的小电动工具，有劲！,1,0.960381,0.0396194,0.911957,2
-1.0,这个京东弄的箱子做工非常非常差,0,0.204874,0.795126,0.544724,0
0.0,声音销魂啊,1,0.509408,0.490592,0.811837,1
0.0,感觉扭距调节不是很准，最后容易打滑，反正比手动的快，修车神器,0,0.293394,0.706606,0.348013,0
-1.0,原带批头不行;;,0,0.290466,0.709534,0.354521,0
0.0,老板哪里领盒饭？,0,0.261697,0.738303,0.418451,0
0.0,测试维修一个罗技蓝牙键盘，塑料外壳，共拆装14颗镙丝。拧出镙丝时挺快，这个跟其他电起子差不多，来到拧紧这一步，博世的区别就来了，当镙丝紧时，起子空转，但刀头与镙丝之间不打滑，很好的保护了镙丝头，同时刀头没有磨损的迹象，材质过关。,0,0.398714,0.601286,0.11397,0
0.0,299买的啧啧啧  京东这价格  一起买的耳机 379 现在329,1,0.550513,0.449487,0.00113977,2
1.0,东西很好，快递很快。下次还会购买的东西很好，快递很快。下次还会购买的,1,0.998721,0.00127856,0.997159,2
2.0,"设计这个的人肯定脑子有点残缺。
拧螺丝是爽了，卸螺丝。
重点是用钻头，孔钻好了，但是钻头休想用电动的拿出来，只能手动。",1,0.665168,0.334832,0.255928,2
0.0,起子质量不好别买,0,0.145778,0.854222,0.676049,0
0.0,老板哪里领盒饭啊,0,0.438914,0.561087,0.0246367,0
0.0,老板哪里领盒饭？,0,0.261697,0.738303,0.418451,0
2.0,实战非常方便，省时省力，小小马达，动力杠杠滴，博世果然名不虚传！,1,0.994986,0.00501432,0.988857,2
0.0,还不错看样子 待后期使用看看,1,0.721267,0.278733,0.380594,2
0.0,"10几个快递 电话都没有一个 直接丢在菜鸟驿站 ，搬了三趟，最重的一个有40多斤。别家超市现在都送上门，京东难道送到楼下不行啊？？？？
最恐怖的： 电话都没有一个 直接丢在哪里。然后说 不去拿就退回去了  搞笑 
以后不在京东买重东西了",0,0.00442374,0.995576,0.990169,0
0.0,作为随车工具是极好的,1,0.86888,0.13112,0.708622,2
0.0,试用一下非常给力,1,0.820039,0.179961,0.600086,2
0.0,用了几天感觉还不错，12V的更实用。,1,0.892169,0.107831,0.760375,2
2.0,用了一天，感觉真是太棒了。握到手里特别有感觉。大小粗细我很喜欢，男人就应该这样,1,0.942774,0.0572256,0.872832,2
2.0,使用方便，力道足，做工精细,1,0.904168,0.0958322,0.78704,2
0.0,帮人家买的。 应该可以的   送的配件挺多的,1,0.766331,0.233669,0.480735,2
0.0,装防腐木地板用上了，不错不错,1,0.821107,0.178893,0.602461,2
0.0,宝贝很好。送品也非常实用,1,0.973707,0.0262925,0.941572,2
0.0,今天上午用了一下。很实用。。比手动快多了,1,0.870233,0.129767,0.711629,2
1.0,己使用几次不错，电力超强。家庭使用足够了。家庭使用频次不很高。我款赠送的麻花钻头二枚。多是_世专用的。如果改成普通钻头不知能不能继续使用下去。也算是小小的遗憾吧。,1,0.951057,0.048943,0.891238,2
1.0,家里正好在装修，博世锂电枪钻买的正是时候，家具拼装、开关盒的位置调整都能节省很多体力，安装效率大大提升。,1,0.910269,0.0897305,0.800599,2
1.0,用瓷砖钻头可以打砖墙，玻璃打洞也可以，边打边加水,1,0.642128,0.357872,0.204729,2
0.0,相当好用，非常顺手,1,0.921781,0.0782189,0.82618,2
1.0,用的质感确实非常好，很顺手，会推荐给朋友的,1,0.995715,0.00428511,0.990477,2
1.0,过来追评的，效果很好，东西很好，能多送点批头就好了。,1,0.985494,0.0145055,0.967766,2
0.0,东西可以。,1,0.634885,0.365115,0.188633,2
-4.0,东西我用了，与其他买家在其他店里反应情况一样，我现在怀疑是不是正品真货，东西中心轴不正，批头和麻花钻头上上去总是摆动，还没便宜的国产货好用,0,0.0603542,0.939646,0.86588,0
1.0,博世充电钻很给力，力道十足，真的力量十足，还送了钻头等配件;,1,0.953943,0.0460573,0.89765,2
0.0,试用了，还是很方便的，家用刚好合适，哈哈，以后拎螺丝不愁了，自己拎很累呀哈哈,1,0.994646,0.00535395,0.988102,2
0.0,东西用了，不太好用！,0,0.332028,0.667972,0.26216,0
0.0,试了下，感觉还是可以的，附带的工具更是实用的狠!!,1,0.802325,0.197675,0.560723,2
2.0,用了一段时间，东西很好！出力也很足！博世的东西就是牛逼！店家服务很好，以后还买这家的东西！,1,0.987205,0.0127949,0.971567,2
0.0,非常不错,1,0.947002,0.0529979,0.882227,2
0.0,不错，挺好用！,1,0.975387,0.0246134,0.945304,2
5.0,真的非常好用。工具小巧，不重，有扭矩调节，还是自适应的扭力。之前在纠结单电还是双电。其实个人家用感觉单电就够了。毕竟不会长时间用，也就是零星时间用用。包装也很好的。盒子恰到好处。送的螺丝批用起来也不错。,1,0.995545,0.00445509,0.9901,2
0.0,工具很好用，还送了小尺子非常喜欢，可以在工作室做很多作品了,1,0.997408,0.00259152,0.994241,2
2.0,博世工具顶棒，支持博世，支持卖家的活动,1,0.9911,0.0088995,0.980223,2
0.0,还不错，,1,0.828066,0.171934,0.617924,2
0.0,客户很满意,1,0.906967,0.0930328,0.793261,2
0.0,用了几天很好,1,0.903355,0.0966455,0.785232,2
0.0,不错，值得拥有，可以购买,1,0.982486,0.0175144,0.961079,2
0.0,挺好的，可以购买,1,0.918848,0.0811522,0.819662,2
2.0,手感不错，小巧，方便,1,0.976402,0.0235983,0.947559,2
1.0,这几天用了一下感觉挺好，钻洞打眼用起来都很顺手很舒服,1,0.981211,0.018789,0.958247,2
0.0,补发回来的东西用了，特别是那个万向，特别实用好用。,1,0.909393,0.0906073,0.79865,2
0.0,商家骗人,0,0.101802,0.898198,0.773772,0
1.0,现在用了有两天，整体感觉方便多了，使用起来很轻松，在家里好多可以自己用它做起来，节省了不少时间，精度很准，工作效果很好。强烈推荐给大家！,1,0.998653,0.00134671,0.997007,2
1.0,拿着修了下椅子，利索好使，比敲钉子好使多了。质量也很好。？大牌子放心,1,0.961223,0.0387771,0.913828,2
1.0,大牌子质量就是不错啊，放车间里，工人用了几天了，使用感觉挺不错，相信品质,1,0.938849,0.0611514,0.864108,2
0.0,已经转交给同事使用，表示很满意。,1,0.933114,0.0668862,0.851364,2
0.0,不错的兵器，验证过了是正品！第一次寄来包装盒里面轻微开裂，店家二话不说寄了一个新的来，很满意，棒棒哒！,1,0.988508,0.0114923,0.974462,2
0.0,挺好用的，挺顺手的，不错,1,0.982862,0.0171384,0.961915,2
0.0,使用之后，很满意，非常不错的电动工具，自己已经组装了一个洗衣机柜子,1,0.990216,0.00978401,0.978258,2
0.0,卖家不诚信，很垃圾的，千万别信什么好评返红包,0,0.0240095,0.97599,0.946645,0
-1.0,用起来东西还是不错、挺有劲的！唯独就是带的螺丝头套盒的盒子坏的！,1,0.918419,0.0815815,0.818708,2
-2.0,售后服务差了 以后这家微店的东西 尽量不要再购买 才买一个多月的博世就充不进电,0,0.00810521,0.991895,0.981988,0
0.0,试用了一下，挺好的吧，我不懂这方面的?,1,0.596735,0.403265,0.103855,2
0.0,用了一个礼拜了，工人说很好用。没出现什么问题，很满意！,1,0.9439,0.0561002,0.875333,2
0.0,很好,1,0.947595,0.0524047,0.883545,2
0.0,确实实用，方便，然后以后还能购买,1,0.877799,0.122202,0.728441,2
-1.0,店铺服务态度不好,0,0.0916158,0.908384,0.796409,0
1.0,用了好几天，确实挺不错啊，很结实，很耐用！,1,0.996738,0.00326215,0.992751,2
1.0,电钻不错，就是4.2钻头说15一个太坑。跟三四块的钻头一个样。含钴不至于那么贵,0,0.403277,0.596723,0.103829,0
-1.0,东西真假我不说，用的过程中出了点小问题咨询一下卖家，不过那态度太差！当初真是瞎了眼在这家买东西，相信看过这段评论的人不要和我一样！换家买吧朋友！我钻号淘宝从没有差评，不会说假话的！,0,0.00321534,0.996785,0.992855,0
0.0,质量是没得说怕，还是给5分。,1,0.743257,0.256743,0.42946,2
0.0,品质可信赖！,1,0.690431,0.309569,0.312069,2
0.0,用了一下，很不错。,1,0.942596,0.0574041,0.872435,2
1.0,对这产品好评！不仅可以钻墙，还可以钻瓷砖，也可以拆装螺丝！对我们水电工来说就是神器。,1,0.905465,0.0945353,0.789922,2
0.0,怎么电池用不了多久啊？杭州产的？不是应该是德国产的吗,0,0.0534242,0.946576,0.88128,0
0.0,服务太差，还说收到货给10元的返利什么都没有，，他的评价都是刷的吧，完全判若两人，现在连话都不说了，太气人了，淘友们请擦亮眼睛吧,0,0.00113007,0.99887,0.997489,0
0.0,今天已经用上了，装了宜家的小柜子，很好用哦,1,0.949995,0.0500051,0.888878,2
1.0,大品牌好用、名符其实。,1,0.81745,0.18255,0.594333,2
0.0,特别好用,1,0.840011,0.159989,0.644469,2
0.0,特别好用,1,0.840011,0.159989,0.644469,2
2.0,电钻用起来很好，拧螺丝扭力足够强大，钻头拆卸方便，目前一切都好。,1,0.996307,0.0036931,0.991793,2
3.0,博世的手电钻确实好用，不振手，大爱，干活速度提升了一倍,1,0.931304,0.0686959,0.847343,2
0.0,质量还是和之前买的一样好，还会再来的,1,0.856669,0.143331,0.681486,2
0.0,真心值了,1,0.65227,0.34773,0.227266,2
4.0,收到货后打开包装发现少了一个长批头，从此开始了漫长的协商过程，各种的理由让我等，快一个月了才给退款，一联系客服就说给转售后，转完售后就让我第二天联系，逢周末让周一联系，11：00联系了售后下班，用淘宝十来年了，头回碰到这样的商家,0,0.0150767,0.984923,0.966496,0
0.0,好！,1,0.802032,0.197968,0.560072,2
0.0,一般般吧，转换低速跟高速的转换不好用，挑不到位。电池也就一般般,0,0.063492,0.936508,0.858907,0
0.0,以前就用过的。,0,0.483543,0.516457,0.670855,1
0.0,太不好用了，,0,0.0480677,0.951932,0.893183,0
1.0,都别买他家东西了，这电钻不通心，告诉我  我买的便宜，这不扯淡呢吗，这电钻本身就问题，你们博士电钻就这样啊 ，反正被买就是了，这店主太不讲究了,0,0.0242023,0.975798,0.946217,0
1.0,用上了真心不行，不够力，充电也不足，就只能家里凑合用了，还私下要好评返现，不推荐。,0,0.0209546,0.979045,0.953434,0
2.0,博世就是好用，用博世工作效率高多了！建议使用频率高的朋友拍两个电池！5星好评！,1,0.844309,0.155691,0.654019,2
1.0,此店工具全，价格合理，是个大公司，需要发票很快就邮寄过来了，而且可以开17的增发票。有需要还是来这样的公司。,1,0.844648,0.155352,0.654773,2
1.0,二次购买店家发货很快。但我要的增票一直没收到,0,0.437645,0.562355,0.0274552,0
2.0,用了几天，感觉东西真的挺不错的，还是博世的东西好呀了，好用的，扭矩也比较均匀。各种满意！！！,1,0.984571,0.0154292,0.965713,2
-2.0,电池不行，客服不行，别买,0,0.0418682,0.958132,0.90696,0
1.0,用了一下，动力强筋。,1,0.80013,0.19987,0.555844,2
0.0,还不如300元东城好用,0,0.280815,0.719185,0.375966,0
0.0,给个赞?,1,0.867125,0.132875,0.704723,2
0.0,用起来非常方便！用了好多天，不错！,1,0.984847,0.015153,0.966327,2
1.0,用了一段时间了，装插座的速度比原来快多了，不错不错,1,0.924957,0.0750428,0.833238,2
0.0,宝贝用了几次，方便实用很不错。,1,0.963142,0.0368581,0.918093,2
0.0,质量好的,1,0.775051,0.22495,0.500112,2
0.0,宝贝用了几次，方便实用很不错。,1,0.963142,0.0368581,0.918093,2
0.0,质量好的,1,0.775051,0.22495,0.500112,2
0.0,质量好的,1,0.775051,0.22495,0.500112,2
0.0,太差了。现在已经坏了，用了2小时就没有电了,0,0.00589673,0.994103,0.986896,0
2.0,爸爸使用了之后，觉得手感不错，容易握，电池还是挺耐用的，双电的更保险;关键老爷子觉得;够;;炫;;酷;,1,0.962648,0.0373522,0.916995,2
0.0,棒极了，第二次购买了,1,0.520837,0.479163,0.583256,1
4.0,车间反应充满电能用好多天，力道很足，声音很小。这个电钻非常的好，工艺很精湛，细节很完美，使用起来非常的顺手,1,0.988469,0.0115309,0.974376,2
0.0,很好,1,0.947595,0.0524047,0.883545,2
1.0,不错，真的很好，感觉超级划算，家里有个它，基本都是好好好，大家伙都来买咯,1,0.997144,0.00285635,0.993653,2
2.0,德国博世手电钻不愧世界电动工具第一品牌，经过实际使用，质量杠杠的！,1,0.963178,0.036822,0.918173,2
0.0,用过了很好用，之前厨房里的挂架位置太矮，改高了。老板送的工具零件包也到了，谢谢老板,1,0.935094,0.0649056,0.855766,2
0.0,很重，一看就是正品，值得购买,1,0.811226,0.188774,0.580502,2
0.0,用了，还不错，还送了把博世的钳子，家里正好缺这样一把钳子。??,1,0.758693,0.241307,0.463763,2
0.0,使用方便，效果不错，物美价廉，值得购买。,1,0.996739,0.00326062,0.992754,2
0.0,拿来钻了几个孔，挺好用。,1,0.814976,0.185024,0.588836,2
0.0,非常好用！很适合家庭日常使用！推荐购买呦～,1,0.97313,0.0268701,0.940289,2
0.0,很有耐心的卖家，以后有需要还会回购的。,1,0.970139,0.0298608,0.933643,2
0.0,很好用，谢谢,1,0.973264,0.0267358,0.940587,2
2.0,试着装了个浴室柜，电钻不错，打混凝土抢也很轻松,1,0.95686,0.0431405,0.904132,2
0.0,工具盒布局合理，选工具盒是对的。,1,0.834138,0.165862,0.631418,2
-1.0,这家大品牌没的说，我家亲戚听说我再这家买的也过来买了一个非常满意太好了！,1,0.98963,0.0103698,0.976956,2
1.0,说好了，好评返现的，结果给好评了，不给返了，没有诚信的卖家！！！,0,0.0880045,0.911996,0.804434,0
1.0,电动工具排名世界第一德国博世当之无愧，试用后比日立更有力稳定。,1,0.968179,0.0318209,0.929287,2
1.0,感觉不错，双十一买个更大的，动力更强的,1,0.970209,0.0297906,0.933799,2
0.0,冲击钻真不错，打隔板，上挂钩，挺好的，值当，就是孔太深容易累,1,0.972985,0.0270147,0.939968,2
1.0,用了几天很不错，冲击功能打墙那是杠杠的，夹头稳定度很高，值得拥有,1,0.993813,0.00618662,0.986252,2
0.0,握着很踏实，电机很有力度，总体很棒，祝店家生意兴隆.,1,0.993056,0.00694402,0.984569,2
0.0,昨天用了下，感觉很好！给力,1,0.94183,0.0581702,0.870733,2
0.0,用了2周了，很好没有发现问题,1,0.828724,0.171276,0.619387,2
2.0,果真是大品牌，物流也很快,1,0.878226,0.121774,0.729391,2
0.0,很好。用过之后都说好。家用特别方便工具盒装上就走，不占地方。,1,0.934076,0.0659239,0.853502,2
0.0,自己装了一个电视机墙装架子，还是相当有力的,1,0.888059,0.111941,0.751243,2
1.0,很好用，墙体也可以打洞家里的灯窗帘水管都可以发洞安装不用求人了，值得购买,1,0.993056,0.0069436,0.98457,2
0.0,今天用他打孔按装了开关插座，挺好用的，一般的家庭装配没问题;;好帮手,1,0.712345,0.287655,0.360766,2
1.0,特意用了再来评价，暴力开了五个门的锁孔机器也没有烫手，动力很线性，这个价格很超值,1,0.796126,0.203874,0.546946,2
0.0,东西用了，挺好的！蛮好用的！我喜欢！,1,0.969395,0.0306048,0.931989,2
1.0,不错，用起来手感不错，用于墙砖打洞,1,0.97256,0.0274397,0.939023,2
1.0,完美安装，再也不怕掉下来，动力够冲击档劲大,1,0.763531,0.236469,0.474514,2
1.0,昨天试了钻砖，很快就钻进去了，比起用电池的有力多了。,1,0.952589,0.047411,0.894642,2
2.0,功能强很实用，感觉很顺手，冲击功能也可以，非常简便，效果非常好。,1,0.99883,0.00117024,0.9974,2
0.0,非常实用，买了就用上了，比请人打孔安装实惠多了,1,0.893103,0.106897,0.762451,2
2.0,非常好用哦，不愧是德国品牌，真材实料，做工无懈可击！正确的选择！,1,0.995166,0.00483401,0.989258,2
0.0,钻了墙壁和瓷砖，都没问题。,1,0.761871,0.238129,0.470825,2
1.0,电钻很好用，自己把电视挂墙上了。,1,0.820937,0.179063,0.602082,2
0.0,非常满意，很好用。,1,0.996845,0.00315458,0.99299,2
2.0,宝贝很好用，使用起来，轻巧方便，强力有力，赞一个！,1,0.999331,0.000669168,0.998513,2
2.0,博世的工具确实很棒，送的钻头很好用，尤其是那个瓷砖钻，非常实用，专门拨打400电话查了两次，真货，没毛病！,1,0.989106,0.0108935,0.975792,2
0.0,用了两天，简直太好用了。,0,0.424521,0.575479,0.056619,0
0.0,已经用了一段时间，确实不错，以后拆装东西方便多了。,1,0.957406,0.0425944,0.905346,2
0.0,好用，装衣帽钩很方便，家里还是需要备上一套工具，用的时候才知道没有工具多麻烦,1,0.941829,0.0581707,0.870732,2
1.0,用了几天。。力道十足。。。家用绰绰有馀,1,0.606261,0.393739,0.125025,2
0.0,好用，省心，小工程自己动手搞，家里必备工具,1,0.847712,0.152288,0.661582,2
1.0,用了两次，墙顶混凝土打孔装灯，6个的冲击钻头顺利完成，瓷砖打孔装挂架，也很顺利，家用足够了，店家送的钻头很全，自己后面又买了个博世的箱子改好，一切完美！,1,0.99095,0.00904988,0.979889,2
0.0,博士电动工具，值得信赖！,1,0.838069,0.161931,0.640154,2
0.0,塑料箱不是很实用，要么原装 要么不用， 其他都挺好的,1,0.683472,0.316528,0.296604,2
1.0,产品很好非常喜欢物流也很快,1,0.994617,0.00538331,0.988037,2
0.0,用着还不错！继续努力的改变。默默支持一下,1,0.91207,0.08793,0.8046,2
2.0,使用方便！功能强劲！,1,0.8255,0.1745,0.612222,2
1.0,用了一段时间，物有所值，卖家服务品质一流,1,0.938593,0.0614072,0.863539,2
1.0,又使用了一次，确实质量不错。发货速度快，服务态度好！非常满意。,1,0.986463,0.0135375,0.969917,2
0.0,用了一下还是不错的,1,0.840263,0.159737,0.645029,2
0.0,非常好，经济实惠，家装必备神器,1,0.992438,0.00756249,0.983195,2
0.0,非常好用！准备再配切磨工具。,1,0.722905,0.277095,0.384233,2
1.0,已经用过，确实很好用，大品牌真的值得信赖！,1,0.972584,0.0274161,0.939075,2
1.0,不错，功率大点就是带劲！,1,0.902722,0.0972778,0.783827,2
0.0,用了几天了，家用绝对够了，这样就方便很多，不要每次转洞都要向朋友借了。而且送了好多砧头，都很实用。,1,0.989971,0.0100288,0.977714,2
0.0,立即使用了，不错，喜欢,1,0.939665,0.0603352,0.865922,2
1.0,宝贝到手后，安装了电视挂架以及飘窗U型轨道。有了这个宝贝，家里转孔的问题全能解决了。对了上次忘了还有送的钻头配件，很实惠。,1,0.961807,0.0381927,0.915127,2
0.0,太好用了;;,0,0.343194,0.656806,0.237347,0
0.0,用了一段时间了，没有出现什么问题，买了个玻璃开孔器也能用,0,0.441633,0.558367,0.018594,0
0.0,快速安装,1,0.548208,0.451792,0.0358331,1
0.0,还没使用！,0,0.419191,0.580809,0.0684635,0
0.0,快速安装,1,0.548208,0.451792,0.0358331,1
0.0,还没使用！,0,0.419191,0.580809,0.0684635,0
1.0,说实话这个电钻就是个普通的电钻，石子混凝土浇筑的墙体实在力不从心，毕竟不是电锤，这不是差评啊，只是客观评价，建议经常使用的朋友还是买电钻、电锤两用的。,0,0.034675,0.965325,0.922945,0
0.0,这个价位买到实用的家用工具，很值！解决家里小事真算举手之劳了。,1,0.974081,0.0259193,0.942402,2
1.0,非常实用，家装买来正好，钻头很多，上螺丝很省事。,1,0.970229,0.0297709,0.933842,2
0.0,使用了，感到非常满意。赞,1,0.98862,0.0113801,0.974711,2
-1.0,挺好，挺有劲的，就是冲击转的打混凝土不是特别有劲，不过挺好，毕竟功率在这,1,0.981557,0.0184426,0.959016,2
-2.0,质量不好！噪音特别大！卖家爱搭不理,0,0.0443438,0.955656,0.901458,0
-1.0,他家服务不咋的，不够真诚的。,0,0.114533,0.885467,0.745482,0
1.0,用了一段时间，感觉不错，昨天在门上钻了两空速度还是那么快。值得购买,1,0.963655,0.0363452,0.919233,2
0.0,好东西哈，东西挺齐的,1,0.835916,0.164084,0.635369,2
1.0,用了段时间挺不错的，家用必备很方便当初要时选个功率稍大些的就更好了,1,0.96738,0.0326197,0.927512,2
-2.0,这防仿伪标志都是烂的不会是吧，还有那黑色按了钮跟本就没用,0,0.0957863,0.904214,0.787142,0
2.0,昨天用了一下，打了3个6毫米的墙洞卫生间挂件还可以，我卖的是家用的足够了，另外收货时有个透明小盒子破损了发信息给客服，老板二话不说第三天就直接快递补发一个来。服务太度好！,1,0.739168,0.260832,0.420373,2
-1.0,质量不错，是正品，很有力，声音不是很大！！！！！！！！！！！！！！！！！！！！,1,0.891666,0.108334,0.759259,2
2.0,好贵！说得对，好才贵。贵是有理由的，便宜也是有原因的。一分钱一分货，便宜无好货。你的健康经不起折腾，在健康上投资，对自己好一点，这一辈子活得不容易！好贵！说得对，好才贵。贵是有理由的，便宜也是有原因的。一分钱一分货，便宜无好货。你的健康经不起折腾，在健康上投资，对自己好一点，这一辈子活得不容易！,0,0.0305616,0.969438,0.932085,0
0.0,已用，电钻还是很给力的，到底是品牌货，在家装个东西方便多了，特追加好评。,1,0.912893,0.0871066,0.80643,2
0.0,昨天在地下室的墙上订了两个三脚架，很给力，用起来比较方便，很满意。,1,0.982482,0.0175179,0.961071,2
-1.0,用了几天感觉还可以.只是有一个送的钻头弄坏了一点可惜.其它的还行,1,0.755613,0.244387,0.456917,2
0.0,用的可以，买的标配的，应该多买点其他的钻头的，这样齐全一点,1,0.72714,0.27286,0.393644,2
2.0,特意使用几天后来追评的，博世到底是大品牌，电钻使用良好，钻孔也实用，正好家装，配上大用场了，朋友看了也想买了，良心评价，放心购买朋友们。,1,0.988238,0.0117616,0.973863,2
0.0,今天试用一下，非常好用。,1,0.697967,0.302033,0.328815,2
1.0,就可以更健康hi联合国好了hi蓝牙hi哦也也好看了就好看机会尽快回家客户不买，你爸你妈，吧,1,0.924864,0.075136,0.833031,2
0.0,钻墙无压力,1,0.612648,0.387352,0.139217,2
0.0,开关抗尘能力太差了，大概是进了灰尘，开关开了自己弹不出来，要用手去拉出来！！！电钻还在运行，太危险了。,0,0.00335558,0.996644,0.992543,0
-2.0,垃圾，垃圾，垃圾，太垃圾了，钻头钻不了多久就坏了，希望看到我评论的买家要慎重下单，这个冲击钻的响声也比较异常，和一般的冲击钻的响声不同，300多买得一点都不值,0,0.000357476,0.999642,0.999206,0
0.0,用过再来评价的，真心不错很好用！大爱！,1,0.989863,0.010137,0.977473,2
0.0,刚打了个眼挂字画效果挺好用的,1,0.695677,0.304323,0.323726,2
1.0,店家售后认真负责，以后还会在他家买。赞一下。,1,0.962819,0.0371812,0.917375,2
0.0,黑盒子质量不敢恭维，后悔没买那种大盒子,0,0.0275994,0.972401,0.938668,0
2.0,博世德国精致品质值得信赖，漂亮;;,1,0.974748,0.0252521,0.943884,2
0.0,好用,1,0.751083,0.248917,0.446851,2
0.0,非常好,1,0.962871,0.037129,0.917491,2
0.0,用的还是挺顺手的，开始还担心打不好，打瓷砖老公负责打，我负责喷水?,1,0.535804,0.464196,0.283911,1
0.0,用过一段时间再来评价，电钻没有力，应该是贴牌产品，插头也不是原装，只能呵呵了，一分钱一分货，上当受骗了,0,0.128571,0.871429,0.714288,0
0.0,我都无语了，什么叫影响二次销售，不试用怎么会知道好坏，影响二次销售就不给退货，什么逻辑！,0,0.0034455,0.996554,0.992343,0
0.1,钻混泥土不太好，当时买回来主要是打孔的，结果很多地方打不进去，最后又买了一个电锤，现在打孔很方便了，直上直下的感觉。可惜这个电钻就只能拿来安装螺丝了。希望给大家一点帮助，电锤和电钻差别是很大的，电锤打孔杠杠的，但是不能拧螺丝。这个可以打简单的小孔，也能拧螺丝，但是打混泥土压力很大的。,1,0.89248,0.10752,0.761067,2
-1.0,差评！卖家售后态度太垃圾了！没逼着你们换机器，搞得好像我一定要怎么样似的。,0,0.000573909,0.999426,0.998725,0
0.0,使用很好，觉得不错。,1,0.983606,0.0163944,0.963568,2
0.0,入门级，打水泥地表示有些吃力！冲击力度有限～ 所以看自己实际需求来购买系列！,0,0.287204,0.712796,0.36177,0
0.0,钻墙的话，建议不要买。钻头店面买不到，无力，很难钻，送的钻头钻两个孔就崩了~~~无语. 买错了~~~~~~钻墙的话，建议不要买。钻头店面买不到，无力，很难钻，送的钻头钻两个孔就崩了~~~无语. 买错了~~~钻墙的话，建议不要买。钻头店面买不到，无力，很难钻，送的钻头钻两个孔就崩了~~~无语. 买错了~~~钻墙的话，建议不要买。钻头店面买不到，无力，很难钻，送的钻头钻两个孔就崩了~~~无语. 买错了~~~钻墙的话，建议不要买。钻头店面买不到，无力，很难钻，送的钻头钻两个孔就崩了~~~无语. 买错了~~~钻墙的话，建议不要买。钻头店面买不到，无力，很难钻，送的钻头钻两个孔就崩了~~~无语. 买错了~~~钻墙的话，建议不要买。钻头店面买不到，无力，很难钻，送的钻头钻两个孔就崩了~~~无语. 买错了~~~钻墙的话，建议不要买。钻头店面买不到，无力，很难钻，送的钻头钻两个孔就崩了~~~无语. 买错了~~~,0,0.0152451,0.984755,0.966122,0
-2.0,无敌垃圾，大家千万不要买，是假货，一用就断，客服垃圾，卖假货不承认，大家一定要小心,0,0.00136899,0.998631,0.996958,0
-1.0,这冲击钻不能打墙壁，第一次用来装镜子打两个孔打进去了，还以为好使了，今天装搁物板，在另一面墙上，怎么打都只能打进两公分，后来找物业借来冲击钻一下子就打进去了，物业师傅说我这冲击钻功率太小，硬的墙壁不能钻，太坑了,0,0.0177207,0.982279,0.960621,0
0.0,是正品。用了几天下来。很实用。家里备一套还是需要的。瓷砖上安装个什么游刃有馀。,1,0.952302,0.047698,0.894004,2
0.0,满意,1,0.807289,0.192711,0.571753,2
-1.0,送的钻头用一次就坏掉了，太差了，客服态度极差，百般推脱，这家东西不能买。,0,0.00440322,0.995597,0.990215,0
0.0,好用，另外买了瓷砖钻头，装了浴室扶手,1,0.594415,0.405585,0.0987001,2
0.0,用了一段时间 很好 没有问题 质量很好,1,0.979053,0.0209471,0.953451,2
0.0,用了一段时间 很好 没有问题 质量很好,1,0.979053,0.0209471,0.953451,2
-0.9,今天用玻璃钻开了几个瓷砖洞，然后用冲击档打了红砖墙洞，接着去开大理石电视墙（玻璃钻），发现夹头晃动严重，用手摇晃夹头左右能摇摆，明显电钻轴承有质量问题，经不起冲击强度，问客服说换电锤打？电视墙用电锤打？你脑子一病啊。网页描述30天包退换，真要退了却提出一大堆条件，你为什么不描述清楚什么样不能退，怎样才可以退？这电钻是贴牌的，不是正宗原厂产，打右边一个眼大理石孔已经晃的很大，而且都还没打通，不敢再打，这种电钻只能当烂铁了。,0,0.0015938,0.998406,0.996458,0
1.0,终于收到我需要的宝贝了，东西很好，价美物廉，谢谢掌柜的！说实在，这是我淘宝购物来让我最满意的一次购物。无论是掌柜的态度还是对物品，我都非常满意的。掌柜态度很专业热情，有问必答，回复也很快，我问了不少问题，他都不觉得烦，都会认真回答我，这点我向掌柜表示由衷的敬意，这样的好掌柜可不多。再说宝贝，正是我需要的，收到的时候包装完整，打开后让我惊喜的是，宝贝比我想象中的还要好！不得不得竖起大拇指。下次需要的时候我还会再来的，到时候麻烦掌柜给个优惠哦！,1,0.998755,0.00124548,0.997232,2
3.0,今天新买了一台抽油烟机，自己动手安装的，正好试试这个手电钻，非常给力，更换套餐里不同的钻头，钻铁、钻木头、钻混凝土墙，噪音小，速度快，完美不费力！特向朋友们推荐，值得你拥有！,1,0.99354,0.00646012,0.985644,2
0.0,值得推荐，用着好,1,0.950771,0.0492289,0.890603,2
-1.0,这电钻真心不值，别买了，没多大用处，电钻没劲！,0,0.0111418,0.988858,0.97524,0
1.0,挺好的，便宜实惠,1,0.951237,0.0487634,0.891637,2
0.0,差差，差，差评！！,0,7.69744e-05,0.999923,0.999829,0
0.0,礼拜六日按照浴架，确实不错，劲力十足，中国技术产品需要遍布全世界,1,0.942412,0.0575875,0.872028,2
0.0,今天东西用了不错买对了,1,0.761531,0.238469,0.470069,2
0.0,行，就是12的用不了,0,0.234618,0.765382,0.478627,0
0.0,工具盒没有博世字样，与宣传图样不符!!电钻使用时，碳刷处火花较重，不知是否是真货？？,0,0.0154857,0.984514,0.965588,0
0.0,太管用了，在家自助安装了不少东西上墙，很有成就感。,1,0.770463,0.229537,0.489918,2
0.0,垃圾中的垃圾王,0,0.018066,0.981934,0.959853,0
0.0,很多人说钻头质量不好，都不知道他们怎么用的，我用到现在一个都没坏过，基本上天天都在用，一点问题都没有。还有钻头属于易损品，用坏了是很正常的！,0,0.0270621,0.972938,0.939862,0
0.0,还不错,1,0.833219,0.166781,0.629375,2
0.0,谢谢,1,0.750819,0.249181,0.446265,2
0.0,这个楼板可以的，原来打的楼板是三十年前的楼板难打，说明以前的东西确实不错。。。,1,0.644171,0.355829,0.209268,2
0.0,好，强！,1,0.878138,0.121862,0.729195,2
0.0,很棒,1,0.944963,0.0550372,0.877695,2
0.0,东西不错，真心挺好用的，挺满意的一次购物,1,0.953766,0.0462339,0.897258,2
3.0,"用博世TSB5500冲击钻装三星电视打孔很轻松,不错",1,0.962928,0.0370721,0.917617,2
0.0,很差，墙上打孔用不了，上当了！,0,0.000733455,0.999267,0.99837,0
1.0,很好用的东西  博世工具值得买,1,0.979461,0.0205392,0.954357,2
0.0,家用还可以吧，只能在不是很硬的地方打孔,0,0.21209,0.78791,0.528688,0
0.0,不错，正品。,1,0.939223,0.0607774,0.864939,2
2.0,使用效果好，噪音小，送的钻头多，朋友都来找我借,1,0.786116,0.213884,0.524703,2
0.0,不诚信，说好了反个红包，理都不理你,0,0.0218852,0.978115,0.951366,0
0.0,今天又打了几个瓷砖的孔，用起来非常顺手，真的很实用又方便。,1,0.969612,0.0303877,0.932472,2
0.0,希望大家多光顾,1,0.505957,0.494043,0.880862,1
2.0,女生用很方便哦很小巧，掌中宝,1,0.966828,0.0331722,0.926284,2
2.0,放到口袋里，轻巧又好用；欲善其功必先利其器。,1,0.683381,0.316619,0.296402,2
-2.0,收到宝贝后迫不及待的试用，动力强劲，噪音很小，震动微弱。名牌厂家值得信赖。,1,0.928459,0.0715407,0.841021,2
1.0,之前发的好评看不见，再来一遍;精巧、够力、做工好！;,1,0.711102,0.288898,0.358004,2
0.0,补一幅相，好东西。,1,0.614732,0.385268,0.143849,2
2.0,我先用大功率带线的电钻钻孔。再用威克士装螺丝。挺好的,1,0.83338,0.16662,0.629734,2
2.0,螺丝刀真是太好用了，颜值也高！喜欢喜欢！,1,0.862969,0.137031,0.695487,2
5.0,威克士电动螺丝刀小巧迷你，收藏方便；操作简单易上手，使用方便，能够满足日常使用的需求；充电线为USB口，适用度高，...,1,0.954428,0.0455721,0.898729,2
1.0,现在购买还赠送螺丝刀头,1,0.609147,0.390853,0.131439,2
0.0,东西很好用老公喜欢。已经开始干活了。自己制作家具。经济实用用起来很方便。东西也精致,1,0.994268,0.00573168,0.987263,2
2.0,用起来很激动，别看机器小巧但很大力，还有白灯照明 让你很好工作 。第一次体验电动的，以后拧螺丝就不用螺丝批了，改用高大上的维克士电动。不错的购物 ，不错的牌子和产品，给好评(o^^o),1,0.985033,0.0149666,0.966741,2
0.0,非常好用,1,0.655295,0.344705,0.233988,2
1.0,功能不错呀,1,0.909405,0.0905949,0.798678,2
-1.0,差评，伪劣产品，假货。不诚信。,0,0.00201304,0.997987,0.995526,0
2.0,已经用了，蛮灵格，小巧玲珑，不错。,1,0.952164,0.0478364,0.893697,2
0.0,已成功安装好插座，不错!,1,0.922974,0.0770255,0.828832,2
1.0,手感很好，家庭使用足够，主要是样子很可爱很酷，满意。,1,0.997631,0.00236926,0.994735,2
-1.0,好宝贝很好用就是电池不知道能用多长时间,1,0.941973,0.0580269,0.871051,2
0.0,东西很好，一次很满意的购物,1,0.981478,0.0185216,0.958841,2
0.0,五星好评！,1,0.885543,0.114457,0.745651,2
0.0,已经用了一段时间，宝贝很好，用了很寸心,1,0.950074,0.0499263,0.889053,2
0.0,可以，都好用,1,0.889722,0.110278,0.754938,2
2.1,小巧方便，但扭力太小，只适合拆装电线盒螺丝，钻木头力度不够。送的批头质量不够硬！在木头上钻一个自攻钉，钻进一半，就坏了一个十字批头。另轴同心力不够好，盼能改进！,0,0.00808703,0.991913,0.982029,0
1.0,超级好用，已经用它组装了5个柜子，女孩子也能轻松使用，满意。,1,0.990105,0.00989505,0.978011,2
0.1,这个电螺丝刀真的太好用了，拆装螺丝得心应手。力到正合适。如果劲太大容易毁螺丝或批头，现在拧上的螺丝比手动的紧一点正合适。而且很静音。,1,0.950018,0.049982,0.888929,2
0.0,挺好用，下次见亲。,1,0.850151,0.149849,0.667002,2
2.0,操作简单，手持轻便。好用。,1,0.833835,0.166165,0.630745,2
0.0,很好用,1,0.950141,0.0498593,0.889202,2
0.0,宝贝非常赞啊，刚充满电，准备用起,1,0.984109,0.0158913,0.964686,2
4.0,噪音低，小巧玲珑，实用性强！,1,0.845169,0.154831,0.655932,2
0.0,完美助手,1,0.656889,0.343111,0.237531,2
2.0,插上电源自动断电充电不能用,0,0.316955,0.683045,0.295655,0
4.0,小巧玲珑，锁开关后可以当螺丝刀用，挺方便的。,1,0.761901,0.238099,0.470891,2
0.0,感觉不好价钱也贵,0,0.130948,0.869052,0.709005,0
-3.0,最失败的一次购物，没劲儿，拧螺丝费劲。还不如同事买的五十块钱的便宜货呢。,0,0.0100242,0.989976,0.977724,0
0.0,产品实用，工作时间太短,1,0.73036,0.26964,0.4008,2
-1.0,防伪查询码 一拆封就被刮过 上去官网查 都查不到 绝对是假货 评论都是刷的吧,0,0.113453,0.886548,0.747883,0
0.0,满意,1,0.807289,0.192711,0.571753,2
0.0,用了一星期，钻力度够，维修工作，满意，用二天便需义电,1,0.861814,0.138186,0.692921,2
-1.0,最近家里装修，购买后正好用上了。确实方便。就是批头钢口有点弱。,1,0.699879,0.300121,0.333064,2
2.0,使用了一段时间真是太方便了，个头小力量足，配合我拍的各种批头真是绝配，威克士工具质量真好,1,0.965224,0.0347756,0.922721,2
1.0,用了几天又来追评一下，工具强强劲有力，干活非常方便。质量也很好。赞,1,0.996467,0.00353271,0.992149,2
0.0,好用,1,0.751083,0.248917,0.446851,2
0.0,好用,1,0.751083,0.248917,0.446851,2
0.0,这个不能用、家用都不怎么可以、转速太慢、,0,0.104789,0.895211,0.767135,0
0.0,修东西可以  如果木工用就不太好了，没劲,0,0.225305,0.774695,0.499322,0
0.0,回家试了试，感觉宝贝不错很满意。物美价廉,1,0.988745,0.0112547,0.974989,2
0.0,服务差,0,0.0276323,0.972368,0.938595,0
0.0,刚买了半个月 ，149元。早买亏了，现在才128元，看来买什么都不知道能着急啊！,0,0.306427,0.693573,0.319051,0
0.0,连续工作十几二十分，无敌 无敌,1,0.778111,0.221889,0.506914,2
1.0,电池的永远不行，有寿命，电量不足，动力就更别说了，拧力度稍微大点的螺丝就不动了，千万不要买，太差了;;用过人的心得。,0,0.0342939,0.965706,0.923791,0
0.0,售后真心差，联系客户全都是自动回复！,0,0.00981287,0.990187,0.978194,0
-1.0,电量太少了，充完电不多会儿就没劲了。,0,0.0355766,0.964423,0.920941,0
0.0,刚收到货就看到又降价！,0,0.28264,0.71736,0.371912,0
2.0,"产品设计人性化,外观精美,已试用,实用性很强,完全符合预期,很满意。",1,0.994028,0.00597162,0.98673,2
1.0,好看实用，家庭必备！,1,0.97894,0.0210597,0.953201,2
2.0,商家返还了那30元，以前的那个评价言词过于偏激，也是和客服没勾通好，所以误会商家了，在这里向商家老板和客服公开道歉。这个确实不错，小巧别致能干活，希望大家抓紧下手。,1,0.67736,0.32264,0.283022,2
2.0,感谢金牌客服小爽售后的处理。非常满意。今时今日就需要这样的服务。这样的员工，人才。懂得如何处理与顾客的关系。十分满意。一个营销服务行业就需要这样的人。值得赞赏表扬。,1,0.984504,0.0154956,0.965565,2
0.0,很好,1,0.947595,0.0524047,0.883545,2
0.0,好,1,0.747981,0.252019,0.439958,2
0.0,还不错,1,0.833219,0.166781,0.629375,2
0.0,很好的电动工具,1,0.947603,0.0523969,0.883563,2
0.0,好评！,1,0.764771,0.235229,0.477268,2
2.0,手感挺好的，特意充电后使用一下才来评价！质量也挺好的，小巧灵活使用起来爱不释手！,1,0.991966,0.00803426,0.982146,2
1.0,用了一下跟有劲，座椅螺丝松了换新的，稳稳的。给力啊。,1,0.923734,0.0762665,0.830519,2
0.0,"用了一阶段,电力不足,估计是容量有限,下次购大一点好!总体不错,好评!",1,0.938499,0.0615008,0.863332,2
0.0,有大有小，适合各种场合！,1,0.741785,0.258215,0.42619,2
1.0,使用了一段时间，感觉真心不错，不愧是大品牌，好,1,0.952938,0.0470619,0.895418,2
0.0,电池不经用玩具用用,0,0.415134,0.584866,0.0774792,0
1.0,迫不及待试了一下，打6mm混凝土很轻松的。。。,1,0.951674,0.0483265,0.892608,2
1.0,充满电连续打了38个6mm的眼，全部浇筑水泥柱上。        那个照明灯就是个样子货，根本照不到钻头上，它的光束是和钻头平行的，永远也不会照到作业点上的！          充电器有温度保护功能，刚用完不能充电，电池过热，会一直闪绿灯！,0,0.0401353,0.959865,0.91081,0
0.0,很好用，不错,1,0.98804,0.0119604,0.973421,2
0.0,用的顺手，非常好,1,0.964031,0.0359693,0.920068,2
3.0,电锤功能强大，混凝土、瓷砖打的很轻松，但因为有一定频率的撞击，所以孔难免打的大了点。电钻功能正常，需要施加正压力，有点累手。总体评价：装修利器，值得拥有！,1,0.995505,0.00449452,0.990012,2
0.0,今天用电锤在墙上打了八个眼  很快    东西真的值得拥有    现在还不知道用多久,1,0.791709,0.208291,0.537131,2
0.0,好评返金凯瑞文化课了呗！,1,0.656089,0.343911,0.235753,2
0.0,安了一套升降晾衣架，锤和钻加拧螺丝，顺畅无压力，一气呵成。,1,0.763734,0.236266,0.474965,2
0.0,今天用了，钻墙壁完全没问题，方便快捷，值得购买！,1,0.918855,0.0811447,0.819678,2
0.0,用了不到一个月，控制板坏了！自己出运费送回去维修。因为已经买了这个充电钻，不得不再配块电池。却迟迟不发货，不知道怎样评价,0,0.0376478,0.962352,0.916338,0
0.0,以后还会在来,1,0.850905,0.149095,0.668677,2
0.0,太差劲了吧用了没多久现在打不进去，不锤了，只能当个手电转用，买了一个电池130现在都完全废了，也不提供售后？？？？,0,0.00111003,0.99889,0.997533,0
0.0,有劲，用着得劲多了,1,0.814569,0.185431,0.587931,2
3.0,货已收到，物流还是挺快的包装很平整，没有变型。客服也比其他店热情，对我提出的问题会一一解答。东西也很满意和我在网页上看到的一模一样，下次如有机会还会光顾此店。总体来说全满意。,1,0.994805,0.00519533,0.988455,2
1.0,家里有好多威克士了产品了，以后换工具就换威克士。,1,0.730131,0.269869,0.40029,2
0.0,今天用了一下，虽然比不上大电锤，但家里用足够了。,1,0.687737,0.312263,0.306082,2
0.0,使用多次才来评价，还很贴心配备个工具包，挺方便的。一定要给五星。,1,0.9879,0.0121002,0.973111,2
0.0,力量大，电池也好，打水泥墙没得说，一个字好，好东西应该给好评，骗人的东西就得差评，我在广洲买了一个假的，一点用都没有。,0,0.118344,0.881656,0.737013,0
2.0,打6个冲击孔18个就没电了。很轻松冲击效果不错,1,0.903689,0.0963114,0.785975,2
5.0,效果超好，适应不同规格钻花，冲击钻时声音轻快，应付花岗岩毫不费力，震动顺畅不压手，整体轻巧，家庭，工场，户外都很适用......谢谢......@,1,0.975357,0.0246431,0.945238,2
0.0,好用，真心不错，不知道电池怎么样,1,0.795479,0.204521,0.545509,2
1.0,之前打砖墙感觉不错，昨天打了混凝土的就不行了，建议还是买功率更大一些的版本,1,0.650194,0.349806,0.222652,2
0.0,好用，真心不错，不知道电池怎么样,1,0.795479,0.204521,0.545509,2
1.0,之前打砖墙感觉不错，昨天打了混凝土的就不行了，建议还是买功率更大一些的版本,1,0.650194,0.349806,0.222652,2
0.0,跟插电220V的自然没办法比，一会儿就没电了，缺陷是电池太小了。 但是，确实很漂亮，很精致,1,0.887019,0.112981,0.748932,2
3.0,货一到就安装监控用得，很轻巧，打孔很给力，携带也很方便！值得拥有！买锤送钻，还是很划算的，自己在买了个小威盒子还有手枪螺丝匹。,1,0.992656,0.00734358,0.983681,2
2.1,服务过程感觉很好，到货以后立即用了一下，感觉不错。装灯的过程中，不知是不是自己使用的问题，发生了点小故障。怀着忐忑的心情给客服小爽做了反馈，及时进行更换，机器寄走后卖家及时将邮费打到账上，新机五天到货，把我这个西部小伙激动不已。准备过下继续安装灯具。五分好评先！,1,0.986597,0.0134028,0.970216,2
0.0,送不起就别说大话了,0,0.313386,0.686614,0.303588,0
0.0,我是做水电的、宝贝真的是好用,1,0.750389,0.249612,0.445308,2
-2.0,还有用起来声音特别大，一点力都没有，钻个洞老半天，电池也不耐用，服了,1,0.646439,0.353561,0.214309,2
3.0,做工精致，小巧，用着方便，再也不用为找不到电源发愁了，卖家服务非常好，支持,1,0.991507,0.00849293,0.981127,2
1.0,工具买好正好可以自己安装小厨宝，H3钻墙轻松，128上螺丝又快又稳，工作灯用在这种地方是最合适的，干活3宝啊,1,0.986756,0.013244,0.970569,2
0.0,现在直接不转了，我就当买了个教训，垃圾，垃圾,0,0.0154099,0.98459,0.965756,0
1.0,钻已收到，谢谢老板！电锤冲击力还可以打小孔没问题，大孔还是用有线的好！??????????,1,0.594392,0.405608,0.0986485,2
0.0,忘了拍照了，好东西谁用谁知道。,1,0.649801,0.350199,0.221781,2
0.0,今天用了，真得劲！,0,0.472409,0.527591,0.448187,1
0.0,今天用了，真得劲！,0,0.472409,0.527591,0.448187,1
4.0,电锤电机声音很轻，试了一下用8MM冲击钻头钻水泥墙，很轻便就钻进去了，而且钻好的洞很正，没有出现荡孔现象，说明钻头转动时是成一直线。,1,0.90739,0.0926096,0.794201,2
3.0,太好用了，操作方便家里一切与电锤有关的事情轻松搞定，客服到位五星好评??,1,0.646077,0.353923,0.213505,2
0.0,一试马上追加评论，五秒打穿太喜欢了，赞,1,0.894019,0.105981,0.764486,2
-1.0,我是安装监控的，用了几天，没想到充电电锤，和220V的差不多，一机两用，以后出去就方便多了，不用到处找电源了.....,1,0.764695,0.235305,0.4771,2
-1.0,我是安装监控的，用了几天，没想到充电电锤，和220V的差不多，一机两用，以后出去就方便多了，不用到处找电源了.....,1,0.764695,0.235305,0.4771,2
-2.0,这个电锤挺垃圾，我用了三个月就开始出毛病，上面的灯总是闪或是常亮，按下开关有时还不转（两块电池都是刚充满电）。我打了十几遍客服都是没人接（我各个时间段都试过），最后总算接通了，又说让我找代理商，他们不管，我找了代理商，也是打了好几遍才接，态度还可以，让我填写一大堆信息资料什么的，说如果填错了修不好或给我发不回来的话不负责。最后我也没敢发，怕一去不回，现在基本上是个摆设了。,0,0.00826124,0.991739,0.981642,0
0.0,工具用了几次非常的好用，简直解决了家里安装问题，再次点赞,1,0.941039,0.0589608,0.868976,2
0.0,挺有力的，工程部同事说很好用，后续还要买就他家了不错不错,1,0.984255,0.0157453,0.96501,2
0.0,螺丝确是送的,1,0.612311,0.387689,0.138469,2
0.0,超喜欢赠送的包包,1,0.954123,0.0458775,0.89805,2
0.0,已用了几天，很好很方便，乘重柱没压力，很满意，下次再来。,1,0.991359,0.00864093,0.980798,2
0.0,已用了几天，很好很方便，乘重柱没压力，很满意，下次再来。,1,0.991359,0.00864093,0.980798,2
0.0,这个 电锤转芯有点问题，不是正中心，斜了少少，转时左右动,0,0.385635,0.614365,0.143034,0
1.0,居家旅行 杀人越货之必备神器,1,0.677435,0.322565,0.283189,2
1.0,很好用，就是电池容量太小，不过退轻巧。,1,0.904129,0.0958711,0.786953,2
3.0,用4个月了，感觉机器很好用，充电时间短，轻巧给力2AH充电一次可安装12个吸顶灯，还可有馀电上螺丝，电池也很给力呀！,1,0.957847,0.0421535,0.906326,2
-2.0,普通货色，非常一般，对不起这价格。,0,0.0205518,0.979448,0.954329,0
0.0,电池还是不够耐用,0,0.283117,0.716883,0.370852,0
0.0,垃圾钻不同心,0,0.102082,0.897919,0.773152,0
0.0,不错，良心卖家，东西很喜欢，很好用，送的东西也很给力,1,0.991726,0.00827413,0.981613,2
0.0,我可是女的哦,1,0.651051,0.348949,0.224557,2
0.1,上上个星期五客服来电话道歉，说上周一再联系厂家帮我想办法，到今天也没再联系我，这家的客服有意思呢，一次又一次的玩儿人。真是服了。,0,0.0992924,0.900708,0.77935,0
1.0,宝贝很好，快递给力，一点没有耽误事！,1,0.936454,0.0635456,0.858787,2
0.0,今天用了下 14MM的长钻 打双墙能打穿，有点发热，中间停下休息下最好！,1,0.875913,0.124087,0.72425,2
0.0,方便，好用，值得购买,1,0.953788,0.0462119,0.897307,2
0.0,降价降价降价，原来最优惠的价钱不是在双十一啊?！,0,0.0508354,0.949165,0.887033,0
0.0,比想象的好得多得多,1,0.720487,0.279513,0.378859,2
2.0,以前逛淘宝，看到这款颜值很高的冲击钻后，一直对这款冲击钻惦记着，家里需要装修，想自己折腾，于是双十一下手。安了三个led吸顶灯，5M厚的石板需要开一个直径16M的洞，画圆后，用10个的钻头，打了10多个洞，一次成功。电热水器安装需要16L洞两个，其中一个还打到梁上了，多钻了一会儿成功搞定。机器发热也没感觉多明显，零散小活也不说了，想自己装修折腾的朋友们，推荐购买。,1,0.947376,0.0526241,0.883058,2
2.0,很好，全五星，跟带线的差不多，打项板八个的钻头，打了十六个洞，装灯刚好够用，就是有两块电池更换就好了,1,0.992652,0.00734805,0.983671,2
-2.0,高端的价格，低端的产品，做工粗糙，同心度越扁越严重，2.0的电池也很不耐用，打不到几个洞，就没电了，真的不值这个钱，后悔了,0,0.00449224,0.995508,0.990017,0
-1.0,电锤买回来充满电一直没使用，前几天网上买了个遥控车位锁，冲着包安装买的，安装师傅居然只有交流电钻，地下车位无法引线，拿出我的充电电锤装上12mm钻头两三下搞定，出乎意料的给力，真心没买错，太方便了。,1,0.885771,0.114229,0.746158,2
0.0,充电器估计坏了，插上电一直亮绿灯，你们有没有这种情况，还没用呢,0,0.084648,0.915352,0.811893,0
0.0,质量不错，用着方便,1,0.923874,0.076126,0.830831,2
1.0,挺好用的就是安装方，建议要买的，就配套，快充，电池要两个,1,0.866775,0.133225,0.703945,2
-2.0,机器加了夹头后同心度差的有点多了       另外就是接口缝隙有点大好多毛刺    才买了一个月降了80    有点亏,0,0.0622467,0.937753,0.861674,0
0.0,真的蛮好，很顺手。很爽，第一次动手做，很有成就感！,1,0.996157,0.00384251,0.991461,2
-2.0,很生气，但是退货又麻烦，不想就这样扯了，希望各位网友看到的评论的下单请慎重,0,0.0091323,0.990868,0.979706,0
2.0,博世和威克士摆在一起，感觉威克士颜值高很多,1,0.823045,0.176955,0.606766,2
0.0,小盒子和手钻都是送的,1,0.619796,0.380204,0.155102,2
0.0,服务很一般吧，和他说话都是过了一个小时或者两个小时才回的,0,0.0445302,0.95547,0.901044,0
0.0,不错，非常不错的电动工具，值得分享！,1,0.998857,0.00114281,0.99746,2
1.0,下午收货，已做评价。 晚上在家，钻瓷砖、钻红砖、钻铁板，哈哈哈，很轻松，效果相当满意。性能居家强悍。,1,0.992759,0.00724137,0.983908,2
0.0,好东东值得拥有，很有料！这工具跟其它品牌就不能相题，买得就是要你存在感，看我工具鸟不？贵，质量杠杠的,1,0.911101,0.0888986,0.802448,2
0.0,电池超级烂 刚冲的电 装个吊灯4个洞 八个的钻头 第4个空都没打完 无语了,0,0.00743384,0.992566,0.98348,0
0.0,某东今天356就可以买到，算上300减20的抵用券价格自己算吧，我后悔了。,0,0.255024,0.744976,0.433281,0
4.0,比想象的还小巧很多 送的配件很丰富 非常精致实用 使用方便 冲击力大,1,0.980438,0.0195615,0.95653,2
0.0,好东西值得信赖,1,0.818586,0.181414,0.596858,2
0.1,所谓的活动那都是忽悠的，劝那些想买的打消这个念头，换其他的（不是广告所以换什么随便），无语的服务估计也是产品也是让人无语的，应该是那些回收旧货再翻新出厂的货吧，才能便宜，莫贪！,0,0.00344151,0.996558,0.992352,0
0.0,1.8厘米的多层板，开了方孔，效果还算满意,1,0.733678,0.266322,0.408174,2
0.0,徒有虚名,0,0.456223,0.543777,0.124451,1
0.0,1.8厘米的多层板，开了方孔，效果还算满意,1,0.733678,0.266322,0.408174,2
0.0,徒有虚名,0,0.456223,0.543777,0.124451,1
0.0,真的不错，质量很好！想买的朋友快出手吧！,1,0.99434,0.00565964,0.987423,2
-1.0,已经用了好几次了，今天用来铝合金板材上开孔没有这机器真的切不好这样标准的方孔，好机器确实不一样抖动小的多，另外的我用过用完手都是麻的，选威克士真的选对了。,0,0.0796806,0.920319,0.822932,0
0.0,切个木头试试，非常稳，好用。,1,0.95725,0.04275,0.905,2
-2.0,今天用了，噪音很小，机身很稳定，非常满意！前两月用的手提打磨机因为高速旋转不小心把大腿伤得很深，这款织疏形的动行方式相对会安全很多。,1,0.995897,0.00410336,0.990882,2
1.0,首先感谢商家，信誉第一。一个小小沙纸底盘坯了，给我换了一整套新的，主机功能没得说一句话好;;,1,0.899582,0.100418,0.776848,2
1.0,首先感谢商家，信誉第一。一个小小沙纸底盘坯了，给我换了一整套新的，主机功能没得说一句话好;;,1,0.899582,0.100418,0.776848,2
0.0,宝贝非常喜欢，可以捣鼓好一阵子了,1,0.989928,0.0100724,0.977617,2
0.0,已经是等3次 来买了  东西好用  质量不错  以后还会在来你家买,1,0.8952,0.1048,0.767112,2
1.0,做工精细！,1,0.806941,0.193059,0.570979,2
1.0,包装好，工具都实用，是我想要的东西。,1,0.948375,0.051625,0.885278,2
1.0,进行了切割PPR管、锯厚木板、木板开孔等实战，不用施加多大压力，反馈力也不大，基本单手就可操作，新手无惧。但也因此效率稍差，需要一定耐心。熟练后，用高转速，效果不错。,1,0.955696,0.0443041,0.901546,2
0.0,挺好,1,0.81842,0.18158,0.596488,2
0.0,杠杠滴好,1,0.87116,0.12884,0.71369,2
0.0,宝贝很好用对我们来说比角向磨光机好用多了！,1,0.980364,0.0196365,0.956363,2
0.0,这东西打槽的确效果很好，手不费力,1,0.680054,0.319946,0.289009,2
0.0,试了下机，不错。,1,0.88512,0.11488,0.744712,2
0.0,收拾新房子排上了用场，挖洞 锯板太方便了。,1,0.72469,0.27531,0.3882,2
3.0,已经用了几天，小物件打磨，刨光，锯板等都很好用，乜比较实用，服务也好，送了两个锯片也及时发货，物流也很快，好评,1,0.98595,0.0140503,0.968777,2
0.0,试了下机，不错。,1,0.88512,0.11488,0.744712,2
0.0,收拾新房子排上了用场，挖洞 锯板太方便了。,1,0.72469,0.27531,0.3882,2
3.0,已经用了几天，小物件打磨，刨光，锯板等都很好用，乜比较实用，服务也好，送了两个锯片也及时发货，物流也很快，好评,1,0.98595,0.0140503,0.968777,2
1.0,包装精美！,1,0.601408,0.398592,0.114239,2
1.0,不错！切割方式独特，功能多样！靠近拐角处可以平着切，可以齐边开方孔;;厉害?,1,0.943483,0.0565169,0.874407,2
0.0,使用方便，质量很好，值得向周边朋友推荐。,1,0.987917,0.0120828,0.973149,2
0.0,尽在不言中，,1,0.554403,0.445597,0.0097839,2
0.0,尽在不言中，,1,0.554403,0.445597,0.0097839,2
1.0,很好用，而且商家出乎我的预料很贴心的寄来了碳刷等物品，非常好非常贴心让人感到温暖的商家。,1,0.999293,0.000707388,0.998428,2
0.0,我是土分，产品不说了，好,0,0.363501,0.636499,0.192219,0
0.0,已经收到补发锯片，质量很好，功能强大，给赞?,1,0.964808,0.0351918,0.921796,2
-2.0,噪音太大，用了没多长时间，楼下邻居就来敲门了,0,0.127659,0.872341,0.716314,0
2.0,刀头太烂，这个情况买大有或者博世的都行。而且客服爱搭不理套餐有送的刀头具体送什么样的人家都不理你，买重了就是运气不好。,0,0.005784,0.994216,0.987147,0
0.0,切磁砖还是不行，钉子也不要去切。其他还行，切石膏板最好。,0,0.281672,0.718328,0.374063,0
0.0,铲钉子不好用 速度慢 没视频上的好 铲三个就坏了齿,0,0.0428373,0.957163,0.904806,0
0.0,用过两次，还是蛮好用的，但想换锂电池的了，五折出,1,0.686422,0.313578,0.30316,2
0.0,力太小了,0,0.322946,0.677054,0.282342,0
0.0,五百多块钱呢,0,0.472563,0.527437,0.451265,1
-1.0,水货试了一下不好，切杉木都切不动太慢，手受不了振动大，不好用都没拿出用。,0,0.00469327,0.995307,0.98957,0
0.0,哎 啥也不说了 老板你就看着卖吧           刚给哥们儿家割完木头，给面啊 ，回家没什么割的，想起我家的锅大锅二了 ，给它们洗个澡吧！换一对儿锅把，割铁如泥，毕竟已经陪伴我全家八年了，洗完又像刚认识的时候一样啊 精神。经过无数次烧炼的锅，我能感觉到锅大 锅二感动的不行不行的了。这工具 牛 啊！对了，问我洗一个锅多少钱的那个网友，你敢邮来我就给你洗锅。个人觉着非常好用的工具。,0,0.124384,0.875616,0.723592,0
0.0,亲，表扬了你，怎么缺件不发啦？我卖的套装里有，怎么缺件不给我呢？,0,0.230152,0.769848,0.488551,0
2.0,用起来手感比较稳。功能多样，但是强度略低。,1,0.948439,0.0515608,0.88542,2
0.0,好用,1,0.751083,0.248917,0.446851,2
2.0,送给老丈人的礼物，相当喜欢了，使用起来特别顺手，手感很好，机器质量没说的，威客士品牌的东西就是好！,1,0.990067,0.00993307,0.977926,2
4.0,新的办公室要装修，前段时间买的电动工具派上了大用场，切割木料建材，打孔拧螺丝样样都行，一个下午的时间装好了22张桌子，效率很高，很轻松新的办公室要装修，前段时间买的电动工具派上了大用场，切割木料建材，打孔拧螺丝样样都行，用起来得心应手，开关按钮和功能转换按键设置的恰到好处，搭配适当的配件能更好的发挥工具的功能，原厂配的电动螺丝头有点短，建议大家配一个长的接头。一个下午的时间装好了22张桌子，效率很高，很轻松。,1,0.998655,0.0013451,0.997011,2
0.0,东西确实很好用我是老客户的,1,0.872928,0.127072,0.717618,2
0.0,不错。,1,0.924913,0.0750871,0.83314,2
0.0,挺不错的产品，用着非常安全！用了几次了才来追加评论！,1,0.957157,0.0428434,0.904792,2
2.0,昨天使用了一下，主要是处置板条床和开关盒调整安装，感觉还是不错的，主要是方便不求人；握感不错，附件安装方便，豪华版附件在家庭日常使用中应该足足有馀了。本人从事安全环保专业工作，有几点需要提醒，仅供后来者参考：一是手持电动工具的用电安全要十分的注意，拖线板或上级电源要有漏电保护；二是对木头的作业中扬尘有点大，注意呼吸道防护要戴口罩?；三是对金属品作业中要注意异物飞溅，戴好防护眼镜?；四是按照说明书作业，不使用蛮力，耐心作业;;从使用的便携性来说，再次好评！,1,0.985264,0.0147361,0.967253,2
2.0,包装很好，很好用，力量很大！,1,0.990735,0.00926534,0.97941,2
0.0,ok,1,0.647045,0.352955,0.215655,2
0.0,评价的期限过了，让我都不能给个差评。机器根本不能用，连最简单的切割小木板都割得不好，声音又大，质量还差。买了个附件是切砖的，看视频很好用，切得动。家里用了一下切个表面都切不了。这属于欺诈。退个货还叫我改退货理由，写个功能与描述不符，叫我改不然不给我退货。干脆就不退了，自认倒霉，花笔钱。不过小玲的服务态度很好。,0,0.0137194,0.986281,0.969512,0
1.0,有用了一段时间了还可以就是马力在大一点就好,1,0.865583,0.134417,0.701296,2
1.0,今天试用了一下，挺好用的。比原先想象的更容易操作，用一根有直边的铁板当靠边，很容易就锯出一条直线槽，然后沿着这条直线槽把木头锯开。,1,0.606997,0.393003,0.126661,2
0.0,试用很满意哦，这是女汉子自己切割滴?,1,0.903793,0.0962069,0.786207,2
0.0,要是有割地板的就更好,1,0.513166,0.486834,0.73668,1
0.0,这玩艺只能用在木类，其它不能用，太不实用，后悔买了,0,0.0616458,0.938354,0.863009,0
0.0,这玩艺只能用在木类，其它不能用，太不实用，后悔买了,0,0.0616458,0.938354,0.863009,0
2.0,抱歉确认晚了，宝贝是帮弟弟购买的，如图一样没有色差，弟弟试用了宝贝，感到满意，卖家服务态度好，物流也不错，好评！,1,0.966156,0.0338436,0.924792,2
1.0,用过以后挺好用的购买其他的配件也很热情;给丹丹美女一个赞;,1,0.977765,0.0222353,0.950588,2
1.1,收到货的节奏超出我想象，双十一还能这么快。赞一个！开箱的感觉不错，包装很好。唯一要提一个建议，应该随货发收货单，好叫买家按单验收。,1,0.978194,0.0218065,0.951541,2
0.0,好。,1,0.775422,0.224578,0.500938,2
0.0,好评换礼品的礼品也收到了；不愧是正牌的；礼品质量也很正,1,0.970701,0.0292993,0.93489,2
1.0,要是在多送点配件就好了,0,0.328579,0.671421,0.269823,0
0.0,第一次用！切割个松木板！断了两个齿！去问客服，照他的方法使用！齿全部掉了！垃圾！你这切割片时塑料的吗？再买你家东西我是狗！,0,0.00712759,0.992872,0.984161,0
0.0,东西是很好，但我用来做补漏根本用不上，割缝太费劲了，浪费了。,0,0.145122,0.854878,0.677507,0
0.0,499就买了个锯木的东西，没什么屁用的。大家看好了再下手。,0,0.0592298,0.94077,0.868378,0
0.0,这产品给力，干活快，开方孔没问题，会介绍给别人。,1,0.924376,0.0756243,0.831946,2
1.0,工具看上去很皮实，做工也很精细，使用方便。修修补补还是很不错的。给与好评！,1,0.997524,0.00247628,0.994497,2
0.0,可以,1,0.751454,0.248546,0.447676,2
0.0,好,1,0.747981,0.252019,0.439958,2
0.0,双11下单更实惠,1,0.646758,0.353242,0.215019,2
-2.0,开六档切木头声音怎么怪怪的 最重要的是机子发热！,0,0.045949,0.954051,0.897891,0
0.0,很好，可以放心购买哟！,1,0.996977,0.00302343,0.993281,2
4.0,大小手感重量力道都非常棒！,1,0.961416,0.0385839,0.914258,2
0.0,东西用了两次，挺满意的，很好用。,1,0.954522,0.0454779,0.898938,2
0.0,真的好用，刚刚打孔了，我铁都说好,1,0.812306,0.187694,0.582903,2
0.0,呃，坑爹呀！居然16号有更实惠的活动！早知道就咨询一下啦！怎么都没点预告的！啊啊啊！不过东西还是很好很nice的！,0,0.455035,0.544965,0.100694,1
0.0,好,1,0.747981,0.252019,0.439958,2
1.0,东西很满意服务很好,1,0.974076,0.0259241,0.942391,2
1.0,扭力大，好用。,1,0.765374,0.234626,0.478609,2
-1.0,开始以为返现只是反代金卷，想不到店家真反了，只花了140多，看了是正品，良心店家,1,0.568191,0.431809,0.0404255,2
1.0,东西很满意服务很好,1,0.974076,0.0259241,0.942391,2
1.0,扭力大，好用。,1,0.765374,0.234626,0.478609,2
-1.0,开始以为返现只是反代金卷，想不到店家真反了，只花了140多，看了是正品，良心店家,1,0.568191,0.431809,0.0404255,2
2.0,电池充电时间比较快，买了两个电池的，再也不用担心装机时电钻没有电了。  电钻比普通的重很多，良心产品。,1,0.66937,0.33063,0.265266,2
0.0,用下来真心不错,1,0.862485,0.137515,0.694411,2
4.0,精致的包装，不错的同心率，大小和重量也适中。,1,0.981369,0.0186307,0.958599,2
1.0,设计合理，亮度充足，非常不错，值得选购。,1,0.996056,0.00394428,0.991235,2
1.0,客服开心果子，不能说不干活，但是对自己的产品不了解，对顾客的心意不揣测，不求有功但求无过，没有斗志，说了很多遍，装听不懂，爱买不买的态度，本来想买380的想法顿时没了，买个刷子算了，有点像人民的名义里的孙宇宙，胸怀宇宙啊。,0,0.0658758,0.934124,0.853609,0
0.0,很好，很满意,1,0.991095,0.00890548,0.98021,2
1.0,用了特别好，扭力够大，送了工具箱还有钻头 家用足够了！好用！！,1,0.988825,0.0111749,0.975167,2
3.0,做工细腻！包装精美！威克士买了很多款，个个都喜欢，想起来小时候没钱买玩具的时光了。,1,0.97217,0.0278299,0.938156,2
0.0,上当受骗了用了没两天半就冒烟坏了质量也太差了把～骗人！谁买谁上当,0,0.00183645,0.998164,0.995919,0
0.0,我的评价在哪里,0,0.435682,0.564318,0.0318174,0
0.0,非常棒！,1,0.945263,0.0547374,0.878361,2
0.0,这是 6.18 特价中的半价，只有前 30 秒用户才有,0,0.386955,0.613045,0.1401,0
2.0,手感超好。价格小贵，但做工精细、动力强劲，不是一般的可以比，过两天使用后，再对电池加评。,1,0.964502,0.0354982,0.921115,2
0.0,补上图片,0,0.454801,0.545199,0.0960284,1
0.0,好用！五星！,1,0.872732,0.127268,0.717182,2
0.0,收到店里送的小礼品,1,0.641061,0.358939,0.202358,2
0.0,好用！五星！,1,0.872732,0.127268,0.717182,2
0.0,收到店里送的小礼品,1,0.641061,0.358939,0.202358,2
0.0,老板非常好，开的发票两天就到了。谢谢,1,0.978599,0.0214008,0.952443,2
0.0,赠品到！太值了！,1,0.692868,0.307132,0.317485,2
0.0,很满意,1,0.920483,0.0795171,0.823295,2
0.0,披头也收到了。太好了,1,0.807674,0.192326,0.57261,2
0.0,东西很好给5星,1,0.878553,0.121447,0.730117,2
2.0,买回来，快递很快，结果打开包装，充电器不亮，联系了老板，说是保修要自己发回到江苏厂家修，运费也是自己出，很戳心的一次购物。,0,0.32371,0.67629,0.280644,0
0.0,东西很好！电动工具我的都是威克士,1,0.881995,0.118005,0.737766,2
1.0,用着用着批头就会掉出来，3.0螺丝直接甩飞，晃动越来越大,0,0.484082,0.515918,0.681635,1
-1.0,家具安装的同行们没威克士怎么行,0,0.344126,0.655874,0.235276,0
0.0,非常给力,1,0.822432,0.177568,0.605404,2
-1.0,东西是不错，但是快递员也太差了吧，我叫我嫂帮接货，但她没接到。快递员竞不管了就把货扔到商店去，事后又不和我说，我后来去找了个下午才找到货，又被商店收了帮接货的钱，气死了!你们找的快递也太差了吧，说好包邮的，去拿货也要钱，晕!买了这么多年淘宝，第一次遇到这种事，真不想给星了，不给星都发不了评价，第一次买东西打这么多字。晕;;,0,0.00990521,0.990095,0.977989,0
1.0,用了几下后电转空转后松开电源电转有卡卡的响声，咨询客服说是正常现象，说是这叫急停，还给我解释刹车，我是没弄明白，不知道别的电转是不是这样。,0,0.0199619,0.980038,0.95564,0
0.0,试用了一下，上下钻头只要将电源正反转开关置于中位，手握钻头卡头，左右转即可松紧，太方便了！,1,0.937607,0.0623933,0.861348,2
1.0,谢谢威克士，送我一套转头,1,0.844604,0.155396,0.654675,2
1.0,这么贵的东西不应该有瑕疵的啊，使用倒不影响，可是影响心情,0,0.0291248,0.970875,0.935278,0
0.0,超级好用哦！满意满意！很喜欢的家用工具！,1,0.996029,0.00397061,0.991176,2
4.0,用了一段时间特别来追评，外观好看，同心度非常渣，和我之前用的79元富格比简直想骂街可却贵3倍。夹头的反牙螺丝拧不下来，都快拧花了，我怀疑根本不打算让用户能自行更换，扭力调到最大，居然拧不下来一个打印机螺丝，直接打滑了，可是等换批头时，也换不下来也打滑，只能调到钻头档，因为钻头档没有力矩打滑功能，这么用下去真不知道减速箱能活多久，就是个玩具我还只是隔三差五用一下。,0,0.0408213,0.959179,0.909286,0
0.0,很好用，而卖家之后还补发了一包批头，是赠品，很开心,1,0.978455,0.0215452,0.952122,2
-1.0,钻小孔，拧螺丝毫无压力！享受小改小动。,0,0.343421,0.656579,0.236842,0
0.1,刀头太烂，力量也不行，力量范围大你可操作的范围才会大，跟博世的一个价，我建议博世，买了后悔了,0,0.0128065,0.987194,0.971541,0
2.1,收到货后，发现没有充电器，而商家发布的图片上却有充电器。联系商家 商家不承认自己漏发充电器  只能自己去市场配个充电器。客观地说，充电钻样式设计比较好 使用手感舒适，但电池容量实在是太小了，充满电后用不了几下就没有电了  需要不停充电  不断换电池，基本上是半个小时换一次电池，实在是烦。再就是扭距力不足，不适合作为安装家具 橱柜衣柜工具。花了四百多元不值得。,0,0.00135423,0.998646,0.996991,0
2.0,精密度还是太差了，用来打孔就会发现钻头旋转偏心比较大，电钻握在手上抖动得比较厉害。,0,0.00691746,0.993083,0.984628,0
0.0,东西不错！我一直都在用这个型号的！值得继续购买,1,0.933414,0.0665856,0.852032,2
0.0,第一天用没问题，第二天勉强可以，第三四天直接把螺丝甩飞，要买的朋友慎重考虑，找客服，客服直接不回信息,0,0.0320013,0.967999,0.928886,0
0.0,钻头用过后看了下，还是不错的，没什么痕迹，说明质量还是够坚硬的，下次再买只冲击钻,1,0.583917,0.416083,0.0753701,2
0.0,还不错,1,0.833219,0.166781,0.629375,2
1.0,试了一下，夹头精度不太高，夹了钻头，钻尖有点跳，不过用来拧螺丝还是相当不错的。,1,0.893201,0.106799,0.762668,2
1.0,试了一下，夹头精度不太高，夹了钻头，钻尖有点跳，不过用来拧螺丝还是相当不错的。,1,0.893201,0.106799,0.762668,2
1.0,电池不赖用，充电时间长，后悔死了，还不如一百多的,0,0.174754,0.825246,0.611657,0
0.0,绝对好,1,0.810901,0.189098,0.579781,2
0.0,用着挺好用，带的工具也挺全。,1,0.94972,0.0502804,0.888266,2
1.0,第二次购买威克士的电钻了，单位里面组装柜子，平时上个螺丝都很好用，质量很不错，店家送的螺丝刀头很实用！??,1,0.958875,0.0411252,0.90861,2
0.0,额。真的很好用。,1,0.956599,0.043401,0.903553,2
-1.0,出毛病不给解决   邮费还要自己拿   电池一个月都没用上   就充不了点   真不知道这大个公司怎么想的,0,0.049338,0.950662,0.89036,0
0.0,用批头上螺丝或退螺丝时，扭力稍大就会批头松脱。有时爬高工作时脱落掉下去，简直要三尸神暴跳。第一台以为是个别现象，现在第二台还是这样。,0,0.0217731,0.978227,0.951615,0
0.0,就一个字，差,0,0.0590187,0.940981,0.868848,0
1.0,想了好久，还是先将就一下吧，懒得换，希望在家下回发货前能认真检查下;;,0,0.316779,0.683221,0.296047,0
0.0,很少来追加评价，开始用没发现后来越用越觉的不对劲，这个根本不同心，非常明显，没想到这个价钱的还不同心,0,0.0981387,0.901861,0.781914,0
1.0,很好，值得拥有，动力大,1,0.989824,0.0101765,0.977386,2
2.0,质量不错 做工考究 客服态度好,1,0.840164,0.159836,0.644809,2
0.0,很好使?,1,0.90381,0.0961896,0.786245,2
3.2,用了几天，觉得非常不错，做工精细，动力足。没有偏心问题。个人觉得有人觉得有偏心问题是因为夹头和机身那条缝不均匀，所以旋转的时候会觉得偏心，实测没有。只是橡胶件加工的有0.5mm的偏差。不影响使用。特别去试过钻轻质砖（轻松搞定，比木头还容易），红砖（勉强可以钻洞，要加水散热，应急没有冲击钻的时候可以用用）。总之，很好，超值。,1,0.995389,0.00461148,0.989752,2
0.0,好,1,0.747981,0.252019,0.439958,2
0.0,这头子的质量也太差了吧？才用了几下就成了这样的了！无语,0,0.00845003,0.99155,0.981222,0
-1.0,己买好几样啦，千万别买洗车机，声音大，并不好用，配件易坏，联系两天客服不说话，一个小件导致机器不能用，店家售前与售后态度差别太大。希望准备购买的朋友，慎重考虑。,0,0.00241308,0.997587,0.994638,0
0.0,16年11月的电池，17年4月不认帐不保修。,0,0.137187,0.862813,0.695139,0
0.0,老公很喜欢。质量稳稳的哈,1,0.961612,0.0383879,0.914694,2
2.0,很好用，就是夹头有点晃，特别是批头插到夹头内螺丝槽里，所以上批头不能上满，这个特价可能是有点残次的产品，不过下次还会买。因为有了它就不用带线的了，很方便,1,0.996268,0.00373228,0.991706,2
0.0,电池真不给力，还不如我买的那个小强手电转呢！,0,0.0349025,0.965097,0.922439,0
1.0,用了这么久都还没有冲过一次电，主要是我也不经常用吧，等在过一个月就去冲一次，保护一下电池，这个手钻使用起来很方便。,1,0.685526,0.314474,0.301168,2
2.0,不是一般的牛逼，比起德国，日本的品牌牛很多。价格实惠。,1,0.506916,0.493084,0.861673,1
0.0,送的一盒各类锯子很好，不用另外去买了、很实用周到,1,0.989883,0.0101172,0.977517,2
3.0,还没有用。好的工具就是喜欢。威克士做工精细，错不了，推荐。卖家服务一流！,1,0.961225,0.0387748,0.913834,2
0.0,追加三把锯片   谢谢！,1,0.701159,0.298841,0.335908,2
0.0,家用玩具，偶尔找点活干，很好,1,0.843914,0.156086,0.653142,2
0.0,好质量，长期用户,1,0.689357,0.310644,0.309681,2
3.0,试用后感觉功能和外观设计都很完美！很实用。,1,0.966785,0.0332149,0.926189,2
0.0,使用感觉很不错，切口平整，值得入手，强烈推荐！,1,0.998193,0.00180676,0.995985,2
0.0,真不值6百多一点力都没有用了才知道真后悔都想半价退回,0,0.0319591,0.968041,0.92898,0
3.0,"这个东西不错,两用的,非常方便,动力也足够,电量也足够用了,反正我用的时候没试过没有电,就是跟机的金属锯片质量不太满意,锯铁还是不行,锯了一条一寸一分角铁,一把金属锯片就完了,锯木的又没问题了,整体上机器也很满意,唯有自己另外高配锯片吧！",1,0.992664,0.00733622,0.983697,2
3.0,做工 、质感、质量很好，稳定，国内品牌内一流，客服yiyi态度非常好。以后都在这家店买了，之前只买博世的，威克士的和博世比性价格比高。绝对物超所值！,1,0.998661,0.00133913,0.997024,2
0.0,翻山越岭之必备利器！你值得拥有！,1,0.933517,0.0664825,0.852261,2
1.0,安全、轻松、方便，省心省力。,1,0.980956,0.0190442,0.95768,2
0.0,做了个台面，切面不错，很平整！,1,0.900761,0.0992394,0.779468,2
2.0,宝贝特别好，年前买的后来又买了好几个一如既往的好。真心喜欢。以后就在这家店买工具了。赠品也很丰厚，买的实惠买的放心。物流很快，包装很结实，特别感谢客服小爽大美女服务一级棒这是我在淘宝上遇到的最好的客服大美女没有之一。,1,0.998197,0.001803,0.995993,2
1.0,园艺   手工DIY都好用   电池续航力也不错,1,0.951954,0.0480462,0.893231,2
-1.0,这次真当黑，买了三套，全改成港式插头，充过电一次没问题，第二次再充电时，却有一个充电器挂了，没反应，才用了一次，就没掉了一个充电器。因为换了港式插头，没得保修。,0,0.10835,0.89165,0.759222,0
0.0,一般、,0,0.23567,0.76433,0.476288,0
1.0,换了一支长锯，更加有霸气！,1,0.69896,0.30104,0.331022,2
1.0,托板发来是坏的，说好赔偿锯条，结果没消息了,0,0.0573849,0.942615,0.872478,0
0.0,店家服务太差!不建议其他买家购买！,0,0.0102204,0.98978,0.977288,0
0.0,刚一个月灯就不亮了,0,0.139878,0.860122,0.68916,0
0.0,昨天在花园修整了一下树枝，有了这个机器，感觉锯树都不能算是工作了，而是一种畅快的享受！忍不住再来表扬一下。,1,0.949195,0.0508046,0.887101,2
0.0,?,0,0.40045,0.59955,0.110111,0
0.0,好用。！！！！,1,0.689289,0.310711,0.30953,2
0.0,东西用了一段时间非常不错很顺手也方便，虽然感觉贵了不过值了,1,0.991933,0.00806693,0.982073,2
0.0,拍的时候说好送这送那，之后一堆借口，什么都不给，绝对是忽悠顾客，差评！,0,0.00543944,0.994561,0.987912,0
-2.0,经过使用，握姿适宜，工作中噪音不算大，切割灵活利落，携带方便。,1,0.853308,0.146692,0.674018,2
0.0,非常好，值得拥有,1,0.993765,0.00623513,0.986144,2
1.0,差了1个月时间，价格也便宜了，还送礼品，非常不平衡,0,0.169896,0.830104,0.622453,0
0.0,赠品一样好！,1,0.732722,0.267278,0.406048,2
0.0,这一套就专业了我的哥,1,0.65042,0.34958,0.223155,2
0.0,差评，差评，差评，真实的事说三遍。千万别上当！有具为证，不多说了，大家自己看看吧,0,0.00076018,0.99924,0.998311,0
0.0,买时没活动，刚买完就优惠了。和卖家一说立刻把差价退了，良心卖家呀。,0,0.172245,0.827755,0.617234,0
0.0,曲锯卖得这么贵为什么连箱子都没有，连收纳袋也没有一个，不方便，不开心。,0,0.0187212,0.981279,0.958397,0
-2.0,放在充电器上任何反映都没有，真是气人，加急人呀。还耽误工期，没有调换措施，售后服务质量太差,0,0.0123325,0.987668,0.972595,0
1.0,今天看别人评论突然发现，这个牌子还有20伏4.0Ah的大的锂电池，为什么没有上架卖？还想买个喷油漆的，等你们上新产品会有。,0,0.159826,0.840174,0.644832,0
0.0,曲线锯说最大5cm，今天试了用来锯6cm厚的松木板，很不错，可以切，切口算平整，很好！,1,0.966284,0.0337163,0.925075,2
2.0,初次使用往复锯，力量很大，锯了一棵直接8cm左右的木头很轻松，不错，好评,1,0.983702,0.0162979,0.963782,2
-1.0,差评。。。商家骗子，搞虚假活动，差评还不敢显示,0,0.00123335,0.998767,0.997259,0
-1.0,差评。。。商家骗子，搞虚假活动，差评还不敢显示,0,0.00123335,0.998767,0.997259,0
1.0,维克士 质量不错 ，卖家服务态度很好。,1,0.929405,0.0705946,0.843123,2
0.0,WORX威克士WX550 2合1曲线及往复锯功能。挑战成功，30秒以内完成任务。,1,0.89992,0.10008,0.777601,2
0.0,买前和买后的态度完全两个样，问了两天就是机器人回复;;不鸟你一句～,0,0.0538641,0.946136,0.880302,0
-1.0,电锯还行，锯条太差，7百多不值得,0,0.0148629,0.985137,0.966971,0
-1.0,差评，店家服务态度差!,0,0.002596,0.997404,0.994231,0
2.0,自己的商品有什么功能都搞不清楚 也太专业了吧   到底是说明书不符还是商品不符呢 都没看到商品 但商家一口认定说明书不符  这后来又说说明书没有错 是我的理解有错 好吧 就算我的理解有错 但使用时自锁钮没有自锁的功能 商家最后归咎于我的错  看来商家都是上帝 上帝说什么就是什么 不会错的 一会一个说辞 我会继续维权 只是希望大家不要上当受骗,0,0.0114447,0.988555,0.974567,0
1.0,很给力，来量门的师傅羡慕死了，他说也要去买一个，再次感谢客服蘑菇和喵喵的耐心解答,1,0.974169,0.0258312,0.942597,2
0.0,手持钢刀，博世chf锯片(削铁如泥)1秒钟的切口。,0,0.47071,0.52929,0.414203,1
0.0,迫不及待试了试，感觉还好！?,1,0.659985,0.340015,0.244411,2
1.0,真的很失望，用了没几分钟锯条秃了，我剧的是不到两公分厚的一般质量的密度板。我晕！！！,0,0.00207005,0.99793,0.9954,0
0.0,质量不错好,1,0.939342,0.0606578,0.865205,2
1.0,很实用，小试手几样木板和水管都轻松搞定。非常好。,1,0.979859,0.0201405,0.955243,2
0.0,锯一些树枝啥的秒锯！谁说550这机器没有调速功能！有啊！,0,0.182123,0.817877,0.595282,0
1.0,充电器没几天就坏了，然后发回去修，质量烂,0,0.135975,0.864024,0.697832,0
0.0,好用;; 值得购买的工具;;说好的赠品不知猴年马月才会有,1,0.586797,0.413203,0.0817711,2
-1.0,质量太差！用了一次开关就不行了！郁闷！,0,0.00096734,0.999033,0.997851,0
0.0,2月份交的款 从3月1号 到现在物流就是等待揽收 请大家注意注意 不要上当,0,0.093321,0.906679,0.79262,0
0.0,再入一个，赶上秒杀价哈哈哈,1,0.703181,0.296819,0.340402,2
1.0,锯子不错，试了试很好用，很喜欢威克士，虽然相对于别的产品稍微贵点，但还是物有所值的，威克士的产品很耐用,1,0.996756,0.0032442,0.992791,2
1.0,和描述的一模一样。很好用！如果因为价格而不买那真的是傻了;;哈哈哈哈哈哈,1,0.861736,0.138264,0.692746,2
2.0,电量足，上山方便，美观实用,1,0.887845,0.112155,0.750767,2
-1.0,昨天用了下电锯，钢锯条和木锯条（直线和曲线）都用了。感觉相当好，买对了。用木曲线锯时，由于没经验，转弯有点小，锯条崩了下来，吓了一跳，万幸，锯条竟然没断，呵呵，可以继续使用。,1,0.835781,0.164219,0.635069,2
0.0,用了一段时间，感觉不错性价比高。厂家回访，送了两盒锯条和一顶worx太阳帽。头一回遇到这么热心的回访。祝Worx越来越好！,1,0.996841,0.00315865,0.992981,2
1.0,用起来很不错！感觉无敌了！我的天呐！工具中的神器！电池通用！可以找各种材料战斗了！,1,0.991213,0.00878663,0.980474,2
0.0,自己用锯子做了个梯步！还没有完成！不过锯子真心好用，效率很高切口也很整齐！很满意哈哈哈,1,0.986165,0.0138352,0.969255,2
0.0,上图,1,0.547615,0.452385,0.0477016,1
0.0,上图,1,0.547615,0.452385,0.0477016,1
0.0,有安全保险，安全性能很好,1,0.95255,0.0474497,0.894556,2
3.0,箱子很垃圾，是个奇葩设计，不是个玩意。木工锯没有细齿的，上面的标注在中国卖为何不标中文？把底板稍微加大点留几个孔倒装就不麻烦了，外国人讲究专业中国人讲究多功能，设计的要深入民间。,0,0.0397142,0.960286,0.911746,0
0.0,这么信任贵公司的产品，这就是对待客户的态度吗？,0,0.097674,0.902326,0.782947,0
0.0,好,1,0.747981,0.252019,0.439958,2
0.0,很给力宝贝真的不错,1,0.972989,0.0270108,0.939976,2
2.0,收到货用了完电，再冲满电，才用了一会就没电了，动力还行可电池太不给力了，花钱不少跟废品一样，放那占地方。,0,0.062267,0.937733,0.861629,0
0.0,挺好的，用着方便,1,0.935354,0.0646459,0.856342,2
2.0,最近用了一段时间，用习惯了，觉得这个博世的很好用，之前不太了解，调好后用的力量很大，输出稳定，而且很方便！,1,0.994772,0.00522778,0.988383,2
0.0,看图说话吧,0,0.452666,0.547334,0.0533134,1
0.0,刚拿到,0,0.478376,0.521624,0.567521,1
0.0,这钻不能钻铁，和客服联系解释不成，就是说不能退货，刚收到货，打开钻了有个孔，就没有钻透，品牌也不过如此，以后大家还是不要相信了。如果钻木头，几十块钱的用的就挺好，他们家的这么贵，用处，售后，没一点优势。最糟糕的一次网购。?????????????????????????,0,0.00608189,0.993918,0.986485,0
2.0,售后的电钻已经收到，谢谢，服务非常棒，今后一定多多介绍朋友来这家买,1,0.968189,0.0318113,0.929308,2
0.0,用了4天出问题了，晕倒,0,0.348615,0.651385,0.225301,0
1.0,充电器出现质量问题了，单个商家还不管，还要让我们把整套东西寄回去，还没有保障,0,0.231083,0.768917,0.486481,0
2.0,博世的电钻都是牛。比其他牌子的太耐用了。,1,0.742463,0.257536,0.427697,2
-1.0,真好用，一块电池够干一阵子的。,1,0.923369,0.0766306,0.82971,2
0.0,补发头的也不行！还降价了20多，没有一点说发，大家擦亮眼睛，别被那些昧心的评论所诱导,0,0.0371108,0.962889,0.917532,0
0.0,赞赞赞赞，很好用。,1,0.973637,0.0263631,0.941415,2
1.0,用起来也不怎么样，没有商家说的那么好用、拧个小螺丝都拧不到位的。后悔买他们的东西了,0,0.0182151,0.981785,0.959522,0
1.0,后跟掌柜联系了几次，这几日刚好有过年优惠节活动，自己出了邮费，最终掌柜发了套套餐的赠品。 这次换了家快递，隔天就到货了，快的让我意外。,1,0.949088,0.0509124,0.886862,2
0.0,买了两把一把没事，一把同心度太差。客服说一毫米晃量正常，我就操了，杂牌的都没你牛逼。返修了一次还不行。等待二次返修。,0,0.00469565,0.995304,0.989565,0
-2.0,高仿产品，高仿产品，防伪查询电话都是空号，外壳质感不如正品，买家需谨慎,0,0.20287,0.797129,0.549177,0
1.0,东西很好，包装挺好。,1,0.958444,0.0415558,0.907654,2
0.0,你这只小;二哈;，我发的语音，用家庭套换博士披头，我咋威胁你给我发披头，你截图给我看看呢,0,0.201123,0.798877,0.553059,0
0.0,用后感觉同心轴偏的有点大，,0,0.267884,0.732116,0.404702,0
1.2000000000000002,电池不耐用，差的一B，连国产普通品牌的充电钻电池一半的使用时间都不到，同等工作量，此款博世电池一上午换5次，其他国产钻机换2次,0,0.0159628,0.984037,0.964527,0
-1.0,电池真的很不耐用，还不如我这其他牌子旧的。搞不懂新电池怎么不耐用，辛亏买了备用电池，要不然只能边充电边用了,0,0.0343261,0.965674,0.92372,0
0.0,你这只小;二哈;，我发的语音，用家庭套换博士披头，我咋威胁你给我发披头，你截图给我看看呢,0,0.201123,0.798877,0.553059,0
0.0,用后感觉同心轴偏的有点大，,0,0.267884,0.732116,0.404702,0
1.2000000000000002,电池不耐用，差的一B，连国产普通品牌的充电钻电池一半的使用时间都不到，同等工作量，此款博世电池一上午换5次，其他国产钻机换2次,0,0.0159628,0.984037,0.964527,0
-1.0,电池真的很不耐用，还不如我这其他牌子旧的。搞不懂新电池怎么不耐用，辛亏买了备用电池，要不然只能边充电边用了,0,0.0343261,0.965674,0.92372,0
-2.0,差评！差评！差评！我本来要的是GSR 120-LI型号的，但是发回来的货是不是这个型号，无奈货物拆封了，所以也退不了，卖家的服务态度还不好，不承认自己的错误，如果能上传图片我非得让大家看看聊天记录，真是伤不起呀！买东西需谨慎呀！,0,0.000187687,0.999812,0.999583,0
0.0,东西太水了,0,0.115243,0.884757,0.743904,0
0.0,东西太水了,0,0.115243,0.884757,0.743904,0
2.0,我建议大家还是实体购买，这种电商特供款确实质量不好。我虽然买了就是自己家里平时拧个螺丝用，但是我朋友是做装修的项目经理。同样的型号的电钻，他说质量简直差的不是一点两点，而且我这种电钻寿命也不会长，可能用几次就要出问题了，我这种何止是低配版，基本就是9.9包邮的水平，真的是坑，,0,0.00461066,0.995389,0.989754,0
0.0,发个图片真的挺好。,1,0.549217,0.450783,0.0156665,1
0.0,很好的商家说给红包落实后马上发过来，谢谢。祝发大财！,1,0.944624,0.055376,0.876942,2
-1.0,在这家店买的工具出现问题，客服只会说是正常不保修，只会推卸责任，不给保修，真后悔在这家店买东西。,0,0.0163574,0.983643,0.96365,0
2.0,电池容量大钻有劲，还有离合功能好用超赞！！,1,0.983154,0.0168459,0.962565,2
2.0,今天用这个电钻从瓷砖上打眼装上的，真的很不错。钻头是自己买的。但是电钻很不错。,1,0.971767,0.0282329,0.93726,2
2.0,电钻扭力够足。打洞很给力。为了给电脑桌打个洞按桌洞插才买的,1,0.931576,0.0684236,0.847948,2
0.0,不好意思张冠李戴了。现在正式评论。东西是正品，用自带的陶瓷钻头小试了一下，还是在黑暗的环境下，效果非常好。赞一个,1,0.990036,0.00996386,0.977858,2
1.0,"不错的,就是磁性小了点, 批头易被螺钉吸住",1,0.821033,0.178967,0.602296,2
0.0,正品,1,0.65322,0.34678,0.229378,2
0.0,安装好了环绕音响;钻一般的砖墙没有问题;期待以后尽量不要出现问题,1,0.524936,0.475064,0.501288,1
1.0,动力强、便携！,1,0.832874,0.167126,0.628609,2
-1.0,电池是假的，,0,0.270692,0.729308,0.398463,0
0.0,质量还不错;;，给好评;;！,1,0.726663,0.273337,0.392584,2
0.0,准备上场了。东西太。你值得拥有！,1,0.807387,0.192613,0.57197,2
0.0,确实不错,1,0.830745,0.169255,0.623877,2
-1.0,以后上淘宝天猫买东西，先看差评再决定买不买,0,0.0749783,0.925022,0.833381,0
-1.0,以后上淘宝天猫买东西，先看差评再决定买不买,0,0.0749783,0.925022,0.833381,0
0.0,家用够齐全，还没使用，质量用后再说吧。,1,0.808204,0.191796,0.573787,2
2.0,首先声明，如果不是怕钱货都空的话，我绝对要退掉。这家店完全就是在坑人双12花519买的。12号下单到147号包裹还正在等揽收。17号到货。因没在家。20号才使用了下，我是家用的，用的频率也不高，试用上螺丝同心严重偏离。21号有事外出，22号联系客服，客服说是这个批次都是这样，难道说批次都是同心偏离你们就没责任了？？？为什么介绍上不说明？手电钻同心偏离还叫手电钻？我就当花钱买个教训，也给后面买的人一个参考。下面是图片为证。希望接下来的买家不要上当受骗，有这种素质的客服，就能说明这家店是什么样的。后续保修恐怕更麻烦。最后说一句，我也不是专用手电钻的所以也没查看是不是正品！初评为什么上不了图片？？？,0,0.00325377,0.996746,0.992769,0
-1.0,真心，感觉被坑了，新机器到手还没用就有一个电池没电，冲电器插上冲不到5分钟就冲不进去点，明显电池是坏的，新东西都会坏，我也无语了！另外一个电池根本不耐用！无语了！第一次网购给商家差评！,0,0.000348367,0.999652,0.999226,0
0.0,看，还有待改进,0,0.389502,0.610498,0.13444,0
0.0,很实用！！！,1,0.91046,0.0895398,0.801023,2
0.0,看看卖家说的，购买需谨慎,0,0.41021,0.58979,0.0884219,0
0.0,送的东东不错，喜欢,1,0.957969,0.0420313,0.906597,2
1.0,不咋样，假的吧，没半个月，电池用不到五分钟没电了,0,0.00880864,0.991191,0.980425,0
0.0,真心说一句，对付用吧,0,0.186223,0.813778,0.586172,0
1.0,用了三个月，充电电钻齿轮就打滑了，发过去要我发付30元也就不说了，商家说要15天才修好，一个小问题要修15天，这也太久了吧。希望以后能快点，我们要急用的。,0,0.191463,0.808537,0.574527,0
1.0,久用的工具盒实在不好。我花了近300在这里买了一套正版博世钻头套装，今天刚收到。不错，一分价钱一分货嘛,0,0.486624,0.513376,0.732488,1
0.0,赞,1,0.929976,0.0700238,0.844392,2
2.0,用过一段时间再来追评，电钻不错，很好用！唯一缺点，居然没有电量显示！我一个同事在实体店买的就有电量显示！为什么会这样？  还有配的批头钻头什么的，真的不好用！很快就废掉了！,1,0.82414,0.17586,0.609201,2
-1.0,是正品不是正品大家可以想想、刚买来不知道、用了一个月左右就坏了、拿过去修两个月修不好、换也不能换、大家看看、差到无法形容,0,0.0405729,0.959427,0.909838,0
-1.0,送的东西，不怎么样，六角起头，都磨圆了，收螺丝没超过40颗,0,0.098542,0.901458,0.781018,0
0.0,你的意思是你的电钻不拧罗丝，还是我不会用电钻！搞笑才买来盒子就是烂的,0,0.0135844,0.986416,0.969812,0
0.0,自己看吧，什么情况,0,0.331243,0.668757,0.263905,0
-1.0,螺丝都打不进一公分的木板，力度太小，感觉就是假货,0,0.193912,0.806088,0.569085,0
2.0,用了几天，电钻还是很实用的，待机时间也长，真的很划算。,1,0.978199,0.0218005,0.951554,2
0.0,钻木头试试看，顺便补图，很爽，哈哈，全家福,1,0.971213,0.028787,0.936029,2
1.0,售后挺好的。,1,0.691289,0.308711,0.313975,2
0.0,很好,1,0.947595,0.0524047,0.883545,2
0.0,昨天用新装备 上手试验过了，动力还不错 唯一的一些可能是技巧上需要掌握 比如螺丝在吃紧口 一味的用力下压 会导致螺丝滑丝，电动螺丝刀会因惯性导致在手中打滑从而扭转手臂等 ，这可能是部分缺陷或者是技巧未掌握而导致的。试用 123档 吃一般的螺丝 基本能胜任.,1,0.578941,0.421059,0.0643133,2
1.0,这款宝欠确实挺喜欢它的小巧美观但尚觉有所不足，那就是有时候档位选择不当拧螺钉卡阻堵转了没有钮力离合器，弄不好会脱手而且开关位置太靠后不方便及时关断，不过还是很喜欢，希望能改进得更好用。,0,0.354052,0.645948,0.213218,0
0.0,今天用一档拧了500多个m3*6的螺丝，用习惯了很顺手，拧紧自停，拧完还剩1格电，还是很耐用的，头子也不错，要是磁性强点更好了，估计是材料原因磁性不能很强，整体很满意,1,0.987473,0.012527,0.972162,2
1.0,宝贝还不错，客服态度很好，以后有需要还来,1,0.924336,0.0756642,0.831857,2
0.0,。,1,0.590841,0.409159,0.0907577,2
-0.9,找了家里一些螺丝钉试了一下，非常好用，开关推到上边是旋紧螺钉，放到中间档是手动模式，推到最下边是旋松（拆下螺钉），非常方便。而且有力矩停止功能，在第一档比较明显。,1,0.88874,0.11126,0.752756,2
0.0,起子不错;凸^-^凸送的包也不错。很愉快的购物体验;;,1,0.965798,0.0342021,0.923995,2
-1.0,可惜批头不带磁性。。。。。,0,0.415838,0.584162,0.0759147,0
0.0,爱不释手，喜欢?,1,0.789963,0.210037,0.533251,2
0.0,产品质量没得说，就是GO的塑料包装盒盒壁太薄了，那在手里感觉有点软。,0,0.155807,0.844193,0.653762,0
4.0,抱歉，评价点错了，物流服务也很满意。东西质量看起来是不错的，精致、手感很好，希望电池能长久耐用。,1,0.989637,0.0103632,0.976971,2
0.0,把不好的评价都屏蔽了！？我只是告诉大家一个事实，说好的返差价，618过后又不返了，无良商家,0,0.0080824,0.991918,0.982039,0
0.0,真不错(*?;ts`?)?,1,0.628441,0.37156,0.174312,2
1.0,好诚信的卖家，从我申请退款到退款到账花了不到半小时，真是商品好、服务好、人品更好。,0,0.0428886,0.957111,0.904692,0
1.0,用电动螺丝刀组装这个两米长一米八高的柜子只用了一个小时就搞定了??,0,0.293138,0.706862,0.348582,0
0.0,慎入，操作不便,0,0.322555,0.677445,0.283211,0
1.0,早上试了下的确不错，扭力足够用了。,1,0.940296,0.0597043,0.867324,2
0.0,赠送的工具包质量也很好，很实用。特补赞。,1,0.998308,0.00169206,0.99624,2
1.0,我靠！刚刚买几天就降价，还送礼品，卖家知道也不说，真是太打击我们这些博世的粉丝了！感觉自己有些傻乎乎的。,0,0.375514,0.624486,0.165524,0
0.0,显摆一下，大小通吃。,1,0.591325,0.408675,0.0918338,2
0.0,改完了，这下不怕披头掉了,0,0.420651,0.579349,0.0652199,0
0.0,非常好用的机子，我喜欢，以后还要买博世的产品。,1,0.928886,0.0711144,0.841968,2
-1.0,老子不退了299买一差评巴巴适适,0,0.147445,0.852556,0.672346,0
1.0,挺好用，螺丝扭进去时候有点大容易把卡座弄坏。这点不智能，应该遇到一定阻力就应该停下来。,1,0.915735,0.0842651,0.812744,2
0.0,买贵了。 有个一模一样。 才269还送好多东西。,1,0.599562,0.400438,0.110138,2
0.0,非常满意值得拥有,1,0.986639,0.0133615,0.970308,2
-1.0,严重差评,0,0.0147589,0.985241,0.967202,0
1.0,扭力够牛逼！送的工具袋，超级实用.,1,0.875427,0.124573,0.723172,2
0.0,儿子很喜欢,1,0.907944,0.0920561,0.795431,2
0.0,方便好用,1,0.870095,0.129905,0.711323,2
4.0,送的优盘很精致，速度也挺快，bosch go本身也非常好用，感谢售前客服详细解答，售后客服万能冲击钻的周到服务,1,0.989985,0.010015,0.977744,2
1.0,超级好用;以前拧螺丝拧到手酸，组装了个小桌子，一会儿就弄完了，而且劲儿很足，刚开始用的时候一定找好手感，要不会飞出去的，多用几次就找到感觉了，如果有装修或者厌倦了拧螺丝的需求，这就是你的救星啊！不过螺丝刀头是不是有点弱;而且没有磁性，小小的不足吧,1,0.813496,0.186504,0.585546,2
4.0,螺丝刀很牛逼，这么冷的天，我在地下室干活，有事先走了，把博世扔地下室了，冬天冷啊，得一个月了，懒得去拿，寻思着这么冷的天应该早就没电了，结果我要干活以为要充电才能干，没想到还有三分之二的电！！！！牛逼，然后没充电把活干完了;;第一次感受到大品牌的力量，起子很好用，劲大，根据我的经验，大家不要握的太紧，因为上到没扣的时候会扭到手，这时候起子后面那根绳子就有用了，在使用前把绳子套在手腕上，绕几圈，螺丝上到没扣的时候别握太紧让起子自己转，然后再上两下妥妥的紧实！最后再表扬一下这把起子，很庆幸第一次就选择你！,0,0.141933,0.858067,0.684592,0
0.0,满意,1,0.807289,0.192711,0.571753,2
0.0,用了一下，相当不错！,1,0.943874,0.0561264,0.875275,2
1.0,质量过硬，操作简单方便，非常适合家庭使用，自己动手组装家具的利器，超爱！,1,0.985447,0.0145535,0.967659,2
1.0,用了，好，有点技巧，很容易，稍控制点力量就好。收到后充电，闲置到现在，电量基还是满的。所配批头能满足日常需要。一个字，非常好！,1,0.995397,0.00460265,0.989772,2
0.0,不要被广告别人的评价忽悠,0,0.0542482,0.945752,0.879449,0
0.0,不要被广告别人的评价忽悠,0,0.0542482,0.945752,0.879449,0
0.0,可以的挺有劲的,1,0.919384,0.0806163,0.820853,2
0.0,电量也不太给力，电冲一下就满了，用也用不了多久。,0,0.0733496,0.92665,0.837001,0
0.0,送的U盘很精致 比较好携带 5分,1,0.893202,0.106798,0.762672,2
1.0,用起来马马虎虎的，就是不注意滑丝，除了小巧便捷外，真操作起来没得枪式的好,1,0.736472,0.263528,0.414381,2
-1.0,不耐电，电机时常故障，很难控制，退螺丝时不带磁,0,0.087057,0.912943,0.80654,0
0.0,挺好的，很遗憾没有其他人都有得到的那一白盒批头,1,0.743952,0.256048,0.431004,2
1.0,这种活动纯忽悠人，名单假得不行，还不如别的地方229元买原价，送的东西还多，上当受骗的感觉很强烈,0,0.0100277,0.989972,0.977716,0
0.0,真的是能把人活活气死,0,0.209449,0.790551,0.534557,0
1.0,服务没得说了，烂个头给我补了发过来,0,0.48863,0.51137,0.772601,1
-1.0,己经用了几天一点动力也没有，千万不要买这家店的工具，评价好的都是用钱买到的评价。,0,0.178534,0.821466,0.603257,0
0.0,说好返还50元也没有返还商家尽忽悠顾客，商家不地道啊，，，差评！,0,0.00294914,0.997051,0.993446,0
-2.0,这个活动就是骗人的 什么前200名优惠 批头质量根本就不可以用的 不建议朋友们在这里买 比京东差远了,0,0.00837242,0.991628,0.981395,0
0.0,"使用很棒,还有安全保护，不错的家庭手钻。赞！",1,0.998352,0.00164849,0.996337,2
0.0,买了这么久第一次用 就一下就这样了,0,0.339058,0.660942,0.246539,0
1.0,由于一个IDm只能拍一个，委托了是一个朋友代拍，实际到手五个，其他朋友收到货后一看，爱不释手，不给了,0,0.0947719,0.905228,0.789396,0
0.0,我都买了几个月了，五十元红包也没给我退！,0,0.165532,0.834468,0.632151,0
1.0,该店客服服务热情很差!,0,0.0872207,0.912779,0.806176,0
0.0,物流比较另类 手滑了,1,0.581481,0.418519,0.0699581,2
0.0,很好，很满意,1,0.991095,0.00890548,0.98021,2
0.0,终于收到了。看着东西还不错，就是暴力运输把其中一个盒子摔裂了。。,1,0.59767,0.40233,0.105933,2
0.0,很好，质量不错,1,0.985794,0.0142062,0.968431,2
1.0,博世工具太好了，大品牌 值得信赖,1,0.960035,0.039965,0.911189,2
0.0,要晒三张图呀？不错不错，东西很好,1,0.921339,0.0786607,0.825199,2
1.0,被正反转按钮上的箭头方向误导了，客服给予了及时解答，解决了，好用，一口气装了四个窗户的防护锁链，不再担心小孩爬窗了。,1,0.67977,0.32023,0.288379,2
1.0,非常不错，大品牌值得信赖。,1,0.994921,0.00507865,0.988714,2
3.0,德国大品牌，运转很稳定操作方便，扭矩力可调。电池的续航力很持久，一次满意的网购.,1,0.993209,0.00679117,0.984909,2
1.0,非常不错，大品牌值得信赖。,1,0.994921,0.00507865,0.988714,2
1.0,客服很好！玻璃钻头断了，立刻给补发了，超赞！,1,0.979709,0.0202913,0.954908,2
0.0,太垃圾了，今天用了，根本钻不进墙，钻木头都吃力，太坑爹了,0,0.00131948,0.998681,0.997068,0
1.0,很好用  你看 不锈钢的纱窗都割下来了 不愧是瑞士的刀具～,1,0.985849,0.0141512,0.968553,2
1.0,灰常好！灰常好！老公说非常应手!又轻便!,1,0.974393,0.025607,0.943096,2
1.0,不错不错是正品很有劲，希望能用的长久一点?,1,0.970712,0.0292882,0.934915,2
2.0,用了几天，感觉非常好，力量够大，电池耐用，坏了一把螺丝刀客服马上就发了一把新的，好,1,0.984079,0.0159208,0.96462,2
0.0,很好,1,0.947595,0.0524047,0.883545,2
2.0,用了几天，感觉非常好，力量够大，电池耐用，坏了一把螺丝刀客服马上就发了一把新的，好,1,0.984079,0.0159208,0.96462,2
0.0,很好,1,0.947595,0.0524047,0.883545,2
0.0,使用后非常满意。,1,0.955231,0.044769,0.900513,2
3.0,真的很好用，女生也可以轻松操作！不愧是博世品质,1,0.996159,0.00384115,0.991464,2
0.0,东西很好，啊哈哈哈我真的不适合去旅游吗,1,0.691109,0.308891,0.313576,2
0.0,东西很给力，好评好评,1,0.910671,0.0893293,0.801491,2
0.0,两款电池还是有区别的，还有你们用的博士工具的螺丝有这样的嘛,1,0.540947,0.459053,0.181063,1
-1.0,用了三、四个月了，发现很多问题，批头夹不紧，容易掉，特别是反转的时候，电池不耐用，比国产稍微好点，对不起这个价钱，有被忽悠的感觉，有同行在别的店买的，可以安装10个办公桌，我的安装5个都成问题，东西不是正品，下次要换别的店了。,0,0.0281199,0.97188,0.937512,0
0.1,原来有一个2档我没注意 ?，东西真的好 扭矩也很大 。值这个价格,1,0.769791,0.230209,0.488425,2
-1.0,电池不行，钻5、6个墙孔电池就没电了，电池太不耐用！,0,0.08121,0.91879,0.819533,0
0.0,凑合用吧,0,0.257235,0.742765,0.428367,0
-3.0,我两电一充啊！用是能用只是电池不耐用，批头老是夹不稳自己掉下来！同心度很差批头摆动太利害不好用。,0,0.0228868,0.977113,0.94914,0
0.1,不是真博士BOSE，只是博世BOECH，不懂以为是美国博士乘人之威，应该也是山寨机质量不是很好间隙很大砖头摆动很大不达到真正博士技术水平。,0,0.0609354,0.939065,0.864588,0
0.0,钻头工具盒烂了,0,0.243213,0.756787,0.459527,0
0.0,有图有真相,0,0.446341,0.553659,0.00813153,0
0.0,是什原因，是电池有问题吗,0,0.108534,0.891466,0.758813,0
0.0,发的红包卡是假的,0,0.241269,0.758731,0.463846,0
0.0,本来觉得宝贝不带线 家庭用比较方便 其实不然 更麻烦 我才安了个油烟机 墙上钻眼钻不动 还憋得闷闷地 实在没法用 我只好又去借了把钻 这才按上 希望大家做个参考,0,0.039096,0.960904,0.91312,0
-1.0,我的以上评论都是假的 是商家说好推我30元钱才这样干的 其实价格乱的很 其实商品可想而知的 粗糙 应该不是正品,0,0.00404476,0.995955,0.991012,0
1.0,相当的耐用，电力十足，电机比其他杂牌力量大，整机重量比杂牌轻。准备再买块电池,1,0.948508,0.0514924,0.885572,2
0.0,用了一段时间，很不错，用起很方便。,1,0.988785,0.0112152,0.975077,2
0.0,此电钻价格昂贵，比别的商家价格高了很多，最主要的是电池很不耐用，我用5mm的钻花钻铁板，钻孔深15L就没电了，根本达不到工作需要，和一百多的，二百多的一样的，望大家买时慎重考虑。,0,0.0122763,0.987724,0.972719,0
0.0,当天试验转了个破墙，给力。副手安装上，咬扣紧致。上手得很。,1,0.713526,0.286474,0.363391,2
3.0,变速时线性感较好，用于上螺丝应该没问题，变速按钮设计也很顺手，双手持握时整个重量平衡度也不错。确实喜欢这机器。,1,0.983245,0.0167547,0.962767,2
0.0,很好用，名牌就是好100分.,1,0.965637,0.0343632,0.923637,2
0.0,钻头能标一下哪个是瓷砖钻头、金属、木头等更好，晒图看看自己安装成果，很满意,1,0.894044,0.105956,0.764542,2
2.0,有着真顺手，物流速度真快,1,0.753096,0.246904,0.451324,2
0.0,很实用，已经用它干了好多活。挺好。,1,0.967395,0.032605,0.927544,2
0.0,卖家真心好。随时随地解答各种问题。耐心指导,1,0.726824,0.273176,0.392941,2
1.0,电钻很好用，名牌就是好，而且便于携带，多了一个好帮手。,1,0.979446,0.0205536,0.954325,2
0.0,打混凝土很费劲，基本是打不动，功率偏小，还是得靠电锤,0,0.155901,0.844099,0.653553,0
0.0,刚少传了一张图片,0,0.247125,0.752875,0.450832,0
0.0,打混凝土很费劲，基本是打不动，功率偏小，还是得靠电锤,0,0.155901,0.844099,0.653553,0
0.0,刚少传了一张图片,0,0.247125,0.752875,0.450832,0
0.0,到目前为止使用了好多次，还是比较好用的，唯一不到位的就是不太好控制转速。,1,0.883593,0.116407,0.741318,2
0.0,老板厚道，我就说了一句批头没送两用的，不大方便，老板特意再免费寄了两个来，赞一个！另，钻墙用的12的钻头，机器给力，很不错。,1,0.993772,0.00622777,0.98616,2
0.0,很棒，家庭用足够了！机器声音很正，好用推荐购买。,1,0.997778,0.0022215,0.995063,2
1.0,今天故意钻硬和厚的墙，冲击力很好，家用完全没问题,1,0.765222,0.234778,0.478272,2
1.0,家用工具，用过断桥铝打孔，砖混打孔，混凝土打孔都行，比普通电钻好用,1,0.867034,0.132966,0.704521,2
0.0,不错，很好用，是正品,1,0.982376,0.0176237,0.960836,2
0.0,不错，很好用，是正品,1,0.982376,0.0176237,0.960836,2
0.0,能在钢筋水泥墙上打洞，只是比较费时费力，家用还是可以的，能解决问题就好，费时在家用方面也不算大的毛病。方正有大把时间做自己的活，希望耐用，别人都说这个价买不到正品，但我感觉是正品，希望能经得起时间的考验。,1,0.951403,0.0485967,0.892007,2
0.0,很好,1,0.947595,0.0524047,0.883545,2
0.0,用了一段时间感觉不错,1,0.873848,0.126152,0.719663,2
